frame,obj_idx,class,distance_m,bbox_width_px,n_points,axis,unit,level,px_shift_mean,in_box_pct
000001,0,Truck,69.44,30.3,70,roll,deg,-3.0,0.645,98.571
000001,0,Truck,69.44,30.3,70,roll,deg,-2.0,0.43,98.571
000001,0,Truck,69.44,30.3,70,roll,deg,-1.0,0.215,100.0
000001,0,Truck,69.44,30.3,70,roll,deg,-0.5,0.107,100.0
000001,0,Truck,69.44,30.3,70,roll,deg,0.0,0.0,100.0
000001,0,Truck,69.44,30.3,70,roll,deg,0.5,0.107,100.0
000001,0,Truck,69.44,30.3,70,roll,deg,1.0,0.215,100.0
000001,0,Truck,69.44,30.3,70,roll,deg,2.0,0.43,100.0
000001,0,Truck,69.44,30.3,70,roll,deg,3.0,0.645,100.0
000001,0,Truck,69.44,30.3,70,pitch,deg,-3.0,37.98,0.0
000001,0,Truck,69.44,30.3,70,pitch,deg,-2.0,25.307,11.429
000001,0,Truck,69.44,30.3,70,pitch,deg,-1.0,12.649,67.143
000001,0,Truck,69.44,30.3,70,pitch,deg,-0.5,6.324,85.714
000001,0,Truck,69.44,30.3,70,pitch,deg,0.0,0.0,100.0
000001,0,Truck,69.44,30.3,70,pitch,deg,0.5,6.324,92.857
000001,0,Truck,69.44,30.3,70,pitch,deg,1.0,12.649,70.0
000001,0,Truck,69.44,30.3,70,pitch,deg,2.0,25.306,14.286
000001,0,Truck,69.44,30.3,70,pitch,deg,3.0,37.977,0.0
000001,0,Truck,69.44,30.3,70,yaw,deg,-3.0,37.989,0.0
000001,0,Truck,69.44,30.3,70,yaw,deg,-2.0,25.311,17.143
000001,0,Truck,69.44,30.3,70,yaw,deg,-1.0,12.65,64.286
000001,0,Truck,69.44,30.3,70,yaw,deg,-0.5,6.324,84.286
000001,0,Truck,69.44,30.3,70,yaw,deg,0.0,0.0,100.0
000001,0,Truck,69.44,30.3,70,yaw,deg,0.5,6.324,75.714
000001,0,Truck,69.44,30.3,70,yaw,deg,1.0,12.648,54.286
000001,0,Truck,69.44,30.3,70,yaw,deg,2.0,25.302,10.0
000001,0,Truck,69.44,30.3,70,yaw,deg,3.0,37.969,0.0
000001,0,Truck,69.44,30.3,70,tx,cm,-10.0,0.02,100.0
000001,0,Truck,69.44,30.3,70,tx,cm,-5.0,0.01,100.0
000001,0,Truck,69.44,30.3,70,tx,cm,-2.0,0.004,100.0
000001,0,Truck,69.44,30.3,70,tx,cm,0.0,0.0,100.0
000001,0,Truck,69.44,30.3,70,tx,cm,2.0,0.004,100.0
000001,0,Truck,69.44,30.3,70,tx,cm,5.0,0.01,100.0
000001,0,Truck,69.44,30.3,70,tx,cm,10.0,0.02,100.0
000001,0,Truck,69.44,30.3,70,ty,cm,-10.0,1.138,98.571
000001,0,Truck,69.44,30.3,70,ty,cm,-5.0,0.569,98.571
000001,0,Truck,69.44,30.3,70,ty,cm,-2.0,0.228,100.0
000001,0,Truck,69.44,30.3,70,ty,cm,0.0,0.0,100.0
000001,0,Truck,69.44,30.3,70,ty,cm,2.0,0.228,100.0
000001,0,Truck,69.44,30.3,70,ty,cm,5.0,0.569,98.571
000001,0,Truck,69.44,30.3,70,ty,cm,10.0,1.138,97.143
000001,0,Truck,69.44,30.3,70,tz,cm,-10.0,1.138,100.0
000001,0,Truck,69.44,30.3,70,tz,cm,-5.0,0.569,100.0
000001,0,Truck,69.44,30.3,70,tz,cm,-2.0,0.228,100.0
000001,0,Truck,69.44,30.3,70,tz,cm,0.0,0.0,100.0
000001,0,Truck,69.44,30.3,70,tz,cm,2.0,0.228,100.0
000001,0,Truck,69.44,30.3,70,tz,cm,5.0,0.569,100.0
000001,0,Truck,69.44,30.3,70,tz,cm,10.0,1.138,100.0
000004,0,Car,38.26,64.5,77,roll,deg,-3.0,15.583,29.87
000004,1,Car,51.17,41.0,26,roll,deg,-3.0,11.817,3.846
000004,0,Car,38.26,64.5,77,roll,deg,-2.0,10.389,59.74
000004,1,Car,51.17,41.0,26,roll,deg,-2.0,7.878,50.0
000004,0,Car,38.26,64.5,77,roll,deg,-1.0,5.194,85.714
000004,1,Car,51.17,41.0,26,roll,deg,-1.0,3.939,100.0
000004,0,Car,38.26,64.5,77,roll,deg,-0.5,2.597,90.909
000004,1,Car,51.17,41.0,26,roll,deg,-0.5,1.97,100.0
000004,0,Car,38.26,64.5,77,roll,deg,0.0,0.0,100.0
000004,1,Car,51.17,41.0,26,roll,deg,0.0,0.0,100.0
000004,0,Car,38.26,64.5,77,roll,deg,0.5,2.597,100.0
000004,1,Car,51.17,41.0,26,roll,deg,0.5,1.97,100.0
000004,0,Car,38.26,64.5,77,roll,deg,1.0,5.194,100.0
000004,1,Car,51.17,41.0,26,roll,deg,1.0,3.939,100.0
000004,0,Car,38.26,64.5,77,roll,deg,2.0,10.387,94.805
000004,1,Car,51.17,41.0,26,roll,deg,2.0,7.877,96.154
000004,0,Car,38.26,64.5,77,roll,deg,3.0,15.579,68.831
000004,1,Car,51.17,41.0,26,roll,deg,3.0,11.815,50.0
000004,0,Car,38.26,64.5,77,pitch,deg,-3.0,38.069,0.0
000004,1,Car,51.17,41.0,26,pitch,deg,-3.0,37.99,0.0
000004,0,Car,38.26,64.5,77,pitch,deg,-2.0,25.385,14.286
000004,1,Car,51.17,41.0,26,pitch,deg,-2.0,25.327,0.0
000004,0,Car,38.26,64.5,77,pitch,deg,-1.0,12.698,94.805
000004,1,Car,51.17,41.0,26,pitch,deg,-1.0,12.667,50.0
000004,0,Car,38.26,64.5,77,pitch,deg,-0.5,6.351,100.0
000004,1,Car,51.17,41.0,26,pitch,deg,-0.5,6.335,96.154
000004,0,Car,38.26,64.5,77,pitch,deg,0.0,0.0,100.0
000004,1,Car,51.17,41.0,26,pitch,deg,0.0,0.0,100.0
000004,0,Car,38.26,64.5,77,pitch,deg,0.5,6.356,85.714
000004,1,Car,51.17,41.0,26,pitch,deg,0.5,6.338,100.0
000004,0,Car,38.26,64.5,77,pitch,deg,1.0,12.717,31.169
000004,1,Car,51.17,41.0,26,pitch,deg,1.0,12.681,3.846
000004,0,Car,38.26,64.5,77,pitch,deg,2.0,25.463,0.0
000004,1,Car,51.17,41.0,26,pitch,deg,2.0,25.384,0.0
000004,0,Car,38.26,64.5,77,pitch,deg,3.0,38.245,0.0
000004,1,Car,51.17,41.0,26,pitch,deg,3.0,38.117,0.0
000004,0,Car,38.26,64.5,77,yaw,deg,-3.0,43.546,23.377
000004,1,Car,51.17,41.0,26,yaw,deg,-3.0,41.031,0.0
000004,0,Car,38.26,64.5,77,yaw,deg,-2.0,29.222,49.351
000004,1,Car,51.17,41.0,26,yaw,deg,-2.0,27.488,34.615
000004,0,Car,38.26,64.5,77,yaw,deg,-1.0,14.711,81.818
000004,1,Car,51.17,41.0,26,yaw,deg,-1.0,13.814,65.385
000004,0,Car,38.26,64.5,77,yaw,deg,-0.5,7.381,93.506
000004,1,Car,51.17,41.0,26,yaw,deg,-0.5,6.925,88.462
000004,0,Car,38.26,64.5,77,yaw,deg,0.0,0.0,100.0
000004,1,Car,51.17,41.0,26,yaw,deg,0.0,0.0,100.0
000004,0,Car,38.26,64.5,77,yaw,deg,0.5,7.435,97.403
000004,1,Car,51.17,41.0,26,yaw,deg,0.5,6.963,84.615
000004,0,Car,38.26,64.5,77,yaw,deg,1.0,14.924,84.416
000004,1,Car,51.17,41.0,26,yaw,deg,1.0,13.966,65.385
000004,0,Car,38.26,64.5,77,yaw,deg,2.0,30.075,61.039
000004,1,Car,51.17,41.0,26,yaw,deg,2.0,28.094,34.615
000004,0,Car,38.26,64.5,77,yaw,deg,3.0,45.469,27.273
000004,1,Car,51.17,41.0,26,yaw,deg,3.0,42.397,0.0
000004,0,Car,38.26,64.5,77,tx,cm,-10.0,0.795,100.0
000004,1,Car,51.17,41.0,26,tx,cm,-10.0,0.448,100.0
000004,0,Car,38.26,64.5,77,tx,cm,-5.0,0.397,100.0
000004,1,Car,51.17,41.0,26,tx,cm,-5.0,0.224,100.0
000004,0,Car,38.26,64.5,77,tx,cm,-2.0,0.159,100.0
000004,1,Car,51.17,41.0,26,tx,cm,-2.0,0.089,100.0
000004,0,Car,38.26,64.5,77,tx,cm,0.0,0.0,100.0
000004,1,Car,51.17,41.0,26,tx,cm,0.0,0.0,100.0
000004,0,Car,38.26,64.5,77,tx,cm,2.0,0.158,100.0
000004,1,Car,51.17,41.0,26,tx,cm,2.0,0.089,100.0
000004,0,Car,38.26,64.5,77,tx,cm,5.0,0.396,100.0
000004,1,Car,51.17,41.0,26,tx,cm,5.0,0.223,100.0
000004,0,Car,38.26,64.5,77,tx,cm,10.0,0.791,100.0
000004,1,Car,51.17,41.0,26,tx,cm,10.0,0.446,100.0
000004,0,Car,38.26,64.5,77,ty,cm,-10.0,1.928,100.0
000004,1,Car,51.17,41.0,26,ty,cm,-10.0,1.434,100.0
000004,0,Car,38.26,64.5,77,ty,cm,-5.0,0.964,100.0
000004,1,Car,51.17,41.0,26,ty,cm,-5.0,0.717,100.0
000004,0,Car,38.26,64.5,77,ty,cm,-2.0,0.386,100.0
000004,1,Car,51.17,41.0,26,ty,cm,-2.0,0.287,100.0
000004,0,Car,38.26,64.5,77,ty,cm,0.0,0.0,100.0
000004,1,Car,51.17,41.0,26,ty,cm,0.0,0.0,100.0
000004,0,Car,38.26,64.5,77,ty,cm,2.0,0.386,100.0
000004,1,Car,51.17,41.0,26,ty,cm,2.0,0.287,100.0
000004,0,Car,38.26,64.5,77,ty,cm,5.0,0.964,100.0
000004,1,Car,51.17,41.0,26,ty,cm,5.0,0.717,100.0
000004,0,Car,38.26,64.5,77,ty,cm,10.0,1.928,100.0
000004,1,Car,51.17,41.0,26,ty,cm,10.0,1.434,100.0
000004,0,Car,38.26,64.5,77,tz,cm,-10.0,1.929,97.403
000004,1,Car,51.17,41.0,26,tz,cm,-10.0,1.434,100.0
000004,0,Car,38.26,64.5,77,tz,cm,-5.0,0.965,100.0
000004,1,Car,51.17,41.0,26,tz,cm,-5.0,0.717,100.0
000004,0,Car,38.26,64.5,77,tz,cm,-2.0,0.386,100.0
000004,1,Car,51.17,41.0,26,tz,cm,-2.0,0.287,100.0
000004,0,Car,38.26,64.5,77,tz,cm,0.0,0.0,100.0
000004,1,Car,51.17,41.0,26,tz,cm,0.0,0.0,100.0
000004,0,Car,38.26,64.5,77,tz,cm,2.0,0.386,100.0
000004,1,Car,51.17,41.0,26,tz,cm,2.0,0.287,100.0
000004,0,Car,38.26,64.5,77,tz,cm,5.0,0.965,100.0
000004,1,Car,51.17,41.0,26,tz,cm,5.0,0.717,100.0
000004,0,Car,38.26,64.5,77,tz,cm,10.0,1.929,100.0
000004,1,Car,51.17,41.0,26,tz,cm,10.0,1.434,100.0
000007,0,Car,25.01,51.8,191,roll,deg,-3.0,1.888,97.382
000007,0,Car,25.01,51.8,191,roll,deg,-2.0,1.259,99.476
000007,0,Car,25.01,51.8,191,roll,deg,-1.0,0.629,100.0
000007,0,Car,25.01,51.8,191,roll,deg,-0.5,0.315,100.0
000007,0,Car,25.01,51.8,191,roll,deg,0.0,0.0,100.0
000007,0,Car,25.01,51.8,191,roll,deg,0.5,0.315,100.0
000007,0,Car,25.01,51.8,191,roll,deg,1.0,0.629,100.0
000007,0,Car,25.01,51.8,191,roll,deg,2.0,1.259,100.0
000007,0,Car,25.01,51.8,191,roll,deg,3.0,1.888,99.476
000007,0,Car,25.01,51.8,191,pitch,deg,-3.0,38.24,32.984
000007,0,Car,25.01,51.8,191,pitch,deg,-2.0,25.5,67.016
000007,0,Car,25.01,51.8,191,pitch,deg,-1.0,12.756,89.529
000007,0,Car,25.01,51.8,191,pitch,deg,-0.5,6.38,91.623
000007,0,Car,25.01,51.8,191,pitch,deg,0.0,0.0,100.0
000007,0,Car,25.01,51.8,191,pitch,deg,0.5,6.385,89.005
000007,0,Car,25.01,51.8,191,pitch,deg,1.0,12.776,67.016
000007,0,Car,25.01,51.8,191,pitch,deg,2.0,25.579,32.984
000007,0,Car,25.01,51.8,191,pitch,deg,3.0,38.418,10.471
000007,0,Car,25.01,51.8,191,yaw,deg,-3.0,38.246,24.084
000007,0,Car,25.01,51.8,191,yaw,deg,-2.0,25.497,52.356
000007,0,Car,25.01,51.8,191,yaw,deg,-1.0,12.751,81.152
000007,0,Car,25.01,51.8,191,yaw,deg,-0.5,6.377,93.194
000007,0,Car,25.01,51.8,191,yaw,deg,0.0,0.0,100.0
000007,0,Car,25.01,51.8,191,yaw,deg,0.5,6.38,90.052
000007,0,Car,25.01,51.8,191,yaw,deg,1.0,12.764,78.534
000007,0,Car,25.01,51.8,191,yaw,deg,2.0,25.548,51.309
000007,0,Car,25.01,51.8,191,yaw,deg,3.0,38.362,21.99
000007,0,Car,25.01,51.8,191,tx,cm,-10.0,0.142,100.0
000007,0,Car,25.01,51.8,191,tx,cm,-5.0,0.071,100.0
000007,0,Car,25.01,51.8,191,tx,cm,-2.0,0.028,100.0
000007,0,Car,25.01,51.8,191,tx,cm,0.0,0.0,100.0
000007,0,Car,25.01,51.8,191,tx,cm,2.0,0.028,100.0
000007,0,Car,25.01,51.8,191,tx,cm,5.0,0.07,100.0
000007,0,Car,25.01,51.8,191,tx,cm,10.0,0.14,100.0
000007,0,Car,25.01,51.8,191,ty,cm,-10.0,3.037,98.953
000007,0,Car,25.01,51.8,191,ty,cm,-5.0,1.519,99.476
000007,0,Car,25.01,51.8,191,ty,cm,-2.0,0.607,100.0
000007,0,Car,25.01,51.8,191,ty,cm,0.0,0.0,100.0
000007,0,Car,25.01,51.8,191,ty,cm,2.0,0.607,100.0
000007,0,Car,25.01,51.8,191,ty,cm,5.0,1.519,100.0
000007,0,Car,25.01,51.8,191,ty,cm,10.0,3.037,97.382
000007,0,Car,25.01,51.8,191,tz,cm,-10.0,3.039,89.005
000007,0,Car,25.01,51.8,191,tz,cm,-5.0,1.519,100.0
000007,0,Car,25.01,51.8,191,tz,cm,-2.0,0.608,100.0
000007,0,Car,25.01,51.8,191,tz,cm,0.0,0.0,100.0
000007,0,Car,25.01,51.8,191,tz,cm,2.0,0.608,100.0
000007,0,Car,25.01,51.8,191,tz,cm,5.0,1.519,100.0
000007,0,Car,25.01,51.8,191,tz,cm,10.0,3.038,100.0
000008,1,Car,7.86,289.6,1940,roll,deg,-3.0,8.749,98.608
000008,3,Car,14.44,123.3,668,roll,deg,-3.0,3.553,100.0
000008,4,Car,33.2,51.1,53,roll,deg,-3.0,8.038,98.113
000008,5,Car,19.96,71.9,164,roll,deg,-3.0,16.307,84.756
000008,1,Car,7.86,289.6,1940,roll,deg,-2.0,5.833,99.433
000008,3,Car,14.44,123.3,668,roll,deg,-2.0,2.369,100.0
000008,4,Car,33.2,51.1,53,roll,deg,-2.0,5.359,98.113
000008,5,Car,19.96,71.9,164,roll,deg,-2.0,10.872,90.244
000008,1,Car,7.86,289.6,1940,roll,deg,-1.0,2.916,100.0
000008,3,Car,14.44,123.3,668,roll,deg,-1.0,1.184,100.0
000008,4,Car,33.2,51.1,53,roll,deg,-1.0,2.68,98.113
000008,5,Car,19.96,71.9,164,roll,deg,-1.0,5.437,94.512
000008,1,Car,7.86,289.6,1940,roll,deg,-0.5,1.458,100.0
000008,3,Car,14.44,123.3,668,roll,deg,-0.5,0.592,100.0
000008,4,Car,33.2,51.1,53,roll,deg,-0.5,1.34,100.0
000008,5,Car,19.96,71.9,164,roll,deg,-0.5,2.718,100.0
000008,1,Car,7.86,289.6,1940,roll,deg,0.0,0.0,100.0
000008,3,Car,14.44,123.3,668,roll,deg,0.0,0.0,100.0
000008,4,Car,33.2,51.1,53,roll,deg,0.0,0.0,100.0
000008,5,Car,19.96,71.9,164,roll,deg,0.0,0.0,100.0
000008,1,Car,7.86,289.6,1940,roll,deg,0.5,1.458,100.0
000008,3,Car,14.44,123.3,668,roll,deg,0.5,0.592,100.0
000008,4,Car,33.2,51.1,53,roll,deg,0.5,1.34,100.0
000008,5,Car,19.96,71.9,164,roll,deg,0.5,2.718,100.0
000008,1,Car,7.86,289.6,1940,roll,deg,1.0,2.916,99.485
000008,3,Car,14.44,123.3,668,roll,deg,1.0,1.184,100.0
000008,4,Car,33.2,51.1,53,roll,deg,1.0,2.68,88.679
000008,5,Car,19.96,71.9,164,roll,deg,1.0,5.437,98.171
000008,1,Car,7.86,289.6,1940,roll,deg,2.0,5.832,98.454
000008,3,Car,14.44,123.3,668,roll,deg,2.0,2.369,100.0
000008,4,Car,33.2,51.1,53,roll,deg,2.0,5.36,73.585
000008,5,Car,19.96,71.9,164,roll,deg,2.0,10.874,89.024
000008,1,Car,7.86,289.6,1940,roll,deg,3.0,8.748,97.629
000008,3,Car,14.44,123.3,668,roll,deg,3.0,3.553,100.0
000008,4,Car,33.2,51.1,53,roll,deg,3.0,8.039,64.151
000008,5,Car,19.96,71.9,164,roll,deg,3.0,16.31,74.39
000008,1,Car,7.86,289.6,1940,pitch,deg,-3.0,39.971,87.68
000008,3,Car,14.44,123.3,668,pitch,deg,-3.0,38.648,61.228
000008,4,Car,33.2,51.1,53,pitch,deg,-3.0,38.115,0.0
000008,5,Car,19.96,71.9,164,pitch,deg,-3.0,38.387,28.659
000008,1,Car,7.86,289.6,1940,pitch,deg,-2.0,26.705,91.804
000008,3,Car,14.44,123.3,668,pitch,deg,-2.0,25.783,78.892
000008,4,Car,33.2,51.1,53,pitch,deg,-2.0,25.413,56.604
000008,5,Car,19.96,71.9,164,pitch,deg,-2.0,25.606,63.415
000008,1,Car,7.86,289.6,1940,pitch,deg,-1.0,13.384,93.144
000008,3,Car,14.44,123.3,668,pitch,deg,-1.0,12.903,89.671
000008,4,Car,33.2,51.1,53,pitch,deg,-1.0,12.711,98.113
000008,5,Car,19.96,71.9,164,pitch,deg,-1.0,12.813,90.244
000008,1,Car,7.86,289.6,1940,pitch,deg,-0.5,6.701,96.959
000008,3,Car,14.44,123.3,668,pitch,deg,-0.5,6.455,97.156
000008,4,Car,33.2,51.1,53,pitch,deg,-0.5,6.357,98.113
000008,5,Car,19.96,71.9,164,pitch,deg,-0.5,6.41,94.512
000008,1,Car,7.86,289.6,1940,pitch,deg,0.0,0.0,100.0
000008,3,Car,14.44,123.3,668,pitch,deg,0.0,0.0,100.0
000008,4,Car,33.2,51.1,53,pitch,deg,0.0,0.0,100.0
000008,5,Car,19.96,71.9,164,pitch,deg,0.0,0.0,100.0
000008,1,Car,7.86,289.6,1940,pitch,deg,0.5,6.719,98.918
000008,3,Car,14.44,123.3,668,pitch,deg,0.5,6.462,97.305
000008,4,Car,33.2,51.1,53,pitch,deg,0.5,6.361,73.585
000008,5,Car,19.96,71.9,164,pitch,deg,0.5,6.417,96.341
000008,1,Car,7.86,289.6,1940,pitch,deg,1.0,13.458,96.907
000008,3,Car,14.44,123.3,668,pitch,deg,1.0,12.934,92.365
000008,4,Car,33.2,51.1,53,pitch,deg,1.0,12.727,43.396
000008,5,Car,19.96,71.9,164,pitch,deg,1.0,12.842,86.585
000008,1,Car,7.86,289.6,1940,pitch,deg,2.0,26.998,91.495
000008,3,Car,14.44,123.3,668,pitch,deg,2.0,25.907,74.251
000008,4,Car,33.2,51.1,53,pitch,deg,2.0,25.478,3.774
000008,5,Car,19.96,71.9,164,pitch,deg,2.0,25.722,57.317
000008,1,Car,7.86,289.6,1940,pitch,deg,3.0,40.631,84.33
000008,3,Car,14.44,123.3,668,pitch,deg,3.0,38.927,53.443
000008,4,Car,33.2,51.1,53,pitch,deg,3.0,38.262,0.0
000008,5,Car,19.96,71.9,164,pitch,deg,3.0,38.648,23.171
000008,1,Car,7.86,289.6,1940,yaw,deg,-3.0,40.292,90.155
000008,3,Car,14.44,123.3,668,yaw,deg,-3.0,38.966,75.0
000008,4,Car,33.2,51.1,53,yaw,deg,-3.0,40.302,16.981
000008,5,Car,19.96,71.9,164,yaw,deg,-3.0,46.449,32.317
000008,1,Car,7.86,289.6,1940,yaw,deg,-2.0,26.926,94.948
000008,3,Car,14.44,123.3,668,yaw,deg,-2.0,25.934,87.126
000008,4,Car,33.2,51.1,53,yaw,deg,-2.0,26.754,60.377
000008,5,Car,19.96,71.9,164,yaw,deg,-2.0,30.712,56.098
000008,1,Car,7.86,289.6,1940,yaw,deg,-1.0,13.499,99.588
000008,3,Car,14.44,123.3,668,yaw,deg,-1.0,12.948,94.76
000008,4,Car,33.2,51.1,53,yaw,deg,-1.0,13.323,88.679
000008,5,Car,19.96,71.9,164,yaw,deg,-1.0,15.234,82.927
000008,1,Car,7.86,289.6,1940,yaw,deg,-0.5,6.759,100.0
000008,3,Car,14.44,123.3,668,yaw,deg,-0.5,6.47,98.653
000008,4,Car,33.2,51.1,53,yaw,deg,-0.5,6.648,100.0
000008,5,Car,19.96,71.9,164,yaw,deg,-0.5,7.588,94.512
000008,1,Car,7.86,289.6,1940,yaw,deg,0.0,0.0,100.0
000008,3,Car,14.44,123.3,668,yaw,deg,0.0,0.0,100.0
000008,4,Car,33.2,51.1,53,yaw,deg,0.0,0.0,100.0
000008,5,Car,19.96,71.9,164,yaw,deg,0.0,0.0,100.0
000008,1,Car,7.86,289.6,1940,yaw,deg,0.5,6.779,100.0
000008,3,Car,14.44,123.3,668,yaw,deg,0.5,6.462,100.0
000008,4,Car,33.2,51.1,53,yaw,deg,0.5,6.624,90.566
000008,5,Car,19.96,71.9,164,yaw,deg,0.5,7.53,98.78
000008,1,Car,7.86,289.6,1940,yaw,deg,1.0,13.58,100.0
000008,3,Car,14.44,123.3,668,yaw,deg,1.0,12.918,98.054
000008,4,Car,33.2,51.1,53,yaw,deg,1.0,13.224,75.472
000008,5,Car,19.96,71.9,164,yaw,deg,1.0,15.006,86.585
000008,1,Car,7.86,289.6,1940,yaw,deg,2.0,27.25,99.381
000008,3,Car,14.44,123.3,668,yaw,deg,2.0,25.814,86.377
000008,4,Car,33.2,51.1,53,yaw,deg,2.0,26.359,32.075
000008,5,Car,19.96,71.9,164,yaw,deg,2.0,29.797,60.366
000008,1,Car,7.86,289.6,1940,yaw,deg,3.0,41.021,97.629
000008,3,Car,14.44,123.3,668,yaw,deg,3.0,38.697,72.904
000008,4,Car,33.2,51.1,53,yaw,deg,3.0,39.413,5.66
000008,5,Car,19.96,71.9,164,yaw,deg,3.0,44.387,37.805
000008,1,Car,7.86,289.6,1940,tx,cm,-10.0,2.38,99.948
000008,3,Car,14.44,123.3,668,tx,cm,-10.0,0.509,100.0
000008,4,Car,33.2,51.1,53,tx,cm,-10.0,0.485,100.0
000008,5,Car,19.96,71.9,164,tx,cm,-10.0,1.666,100.0
000008,1,Car,7.86,289.6,1940,tx,cm,-5.0,1.181,100.0
000008,3,Car,14.44,123.3,668,tx,cm,-5.0,0.254,100.0
000008,4,Car,33.2,51.1,53,tx,cm,-5.0,0.242,100.0
000008,5,Car,19.96,71.9,164,tx,cm,-5.0,0.831,100.0
000008,1,Car,7.86,289.6,1940,tx,cm,-2.0,0.47,100.0
000008,3,Car,14.44,123.3,668,tx,cm,-2.0,0.101,100.0
000008,4,Car,33.2,51.1,53,tx,cm,-2.0,0.097,100.0
000008,5,Car,19.96,71.9,164,tx,cm,-2.0,0.332,100.0
000008,1,Car,7.86,289.6,1940,tx,cm,0.0,0.0,100.0
000008,3,Car,14.44,123.3,668,tx,cm,0.0,0.0,100.0
000008,4,Car,33.2,51.1,53,tx,cm,0.0,0.0,100.0
000008,5,Car,19.96,71.9,164,tx,cm,0.0,0.0,100.0
000008,1,Car,7.86,289.6,1940,tx,cm,2.0,0.467,100.0
000008,3,Car,14.44,123.3,668,tx,cm,2.0,0.101,100.0
000008,4,Car,33.2,51.1,53,tx,cm,2.0,0.097,100.0
000008,5,Car,19.96,71.9,164,tx,cm,2.0,0.331,100.0
000008,1,Car,7.86,289.6,1940,tx,cm,5.0,1.163,100.0
000008,3,Car,14.44,123.3,668,tx,cm,5.0,0.252,100.0
000008,4,Car,33.2,51.1,53,tx,cm,5.0,0.241,100.0
000008,5,Car,19.96,71.9,164,tx,cm,5.0,0.826,100.0
000008,1,Car,7.86,289.6,1940,tx,cm,10.0,2.309,100.0
000008,3,Car,14.44,123.3,668,tx,cm,10.0,0.502,100.0
000008,4,Car,33.2,51.1,53,tx,cm,10.0,0.482,100.0
000008,5,Car,19.96,71.9,164,tx,cm,10.0,1.648,100.0
000008,1,Car,7.86,289.6,1940,ty,cm,-10.0,10.329,99.948
000008,3,Car,14.44,123.3,668,ty,cm,-10.0,5.438,99.251
000008,4,Car,33.2,51.1,53,ty,cm,-10.0,2.256,100.0
000008,5,Car,19.96,71.9,164,ty,cm,-10.0,3.813,100.0
000008,1,Car,7.86,289.6,1940,ty,cm,-5.0,5.164,100.0
000008,3,Car,14.44,123.3,668,ty,cm,-5.0,2.719,100.0
000008,4,Car,33.2,51.1,53,ty,cm,-5.0,1.128,100.0
000008,5,Car,19.96,71.9,164,ty,cm,-5.0,1.907,100.0
000008,1,Car,7.86,289.6,1940,ty,cm,-2.0,2.066,100.0
000008,3,Car,14.44,123.3,668,ty,cm,-2.0,1.088,100.0
000008,4,Car,33.2,51.1,53,ty,cm,-2.0,0.451,100.0
000008,5,Car,19.96,71.9,164,ty,cm,-2.0,0.763,100.0
000008,1,Car,7.86,289.6,1940,ty,cm,0.0,0.0,100.0
000008,3,Car,14.44,123.3,668,ty,cm,0.0,0.0,100.0
000008,4,Car,33.2,51.1,53,ty,cm,0.0,0.0,100.0
000008,5,Car,19.96,71.9,164,ty,cm,0.0,0.0,100.0
000008,1,Car,7.86,289.6,1940,ty,cm,2.0,2.066,100.0
000008,3,Car,14.44,123.3,668,ty,cm,2.0,1.088,100.0
000008,4,Car,33.2,51.1,53,ty,cm,2.0,0.451,100.0
000008,5,Car,19.96,71.9,164,ty,cm,2.0,0.763,100.0
000008,1,Car,7.86,289.6,1940,ty,cm,5.0,5.164,100.0
000008,3,Car,14.44,123.3,668,ty,cm,5.0,2.719,100.0
000008,4,Car,33.2,51.1,53,ty,cm,5.0,1.128,100.0
000008,5,Car,19.96,71.9,164,ty,cm,5.0,1.907,100.0
000008,1,Car,7.86,289.6,1940,ty,cm,10.0,10.329,100.0
000008,3,Car,14.44,123.3,668,ty,cm,10.0,5.438,100.0
000008,4,Car,33.2,51.1,53,ty,cm,10.0,2.256,100.0
000008,5,Car,19.96,71.9,164,ty,cm,10.0,3.813,100.0
000008,1,Car,7.86,289.6,1940,tz,cm,-10.0,10.346,97.938
000008,3,Car,14.44,123.3,668,tz,cm,-10.0,5.442,98.054
000008,4,Car,33.2,51.1,53,tz,cm,-10.0,2.257,100.0
000008,5,Car,19.96,71.9,164,tz,cm,-10.0,3.815,100.0
000008,1,Car,7.86,289.6,1940,tz,cm,-5.0,5.173,98.918
000008,3,Car,14.44,123.3,668,tz,cm,-5.0,2.721,99.701
000008,4,Car,33.2,51.1,53,tz,cm,-5.0,1.128,100.0
000008,5,Car,19.96,71.9,164,tz,cm,-5.0,1.908,100.0
000008,1,Car,7.86,289.6,1940,tz,cm,-2.0,2.069,100.0
000008,3,Car,14.44,123.3,668,tz,cm,-2.0,1.088,100.0
000008,4,Car,33.2,51.1,53,tz,cm,-2.0,0.451,100.0
000008,5,Car,19.96,71.9,164,tz,cm,-2.0,0.763,100.0
000008,1,Car,7.86,289.6,1940,tz,cm,0.0,0.0,100.0
000008,3,Car,14.44,123.3,668,tz,cm,0.0,0.0,100.0
000008,4,Car,33.2,51.1,53,tz,cm,0.0,0.0,100.0
000008,5,Car,19.96,71.9,164,tz,cm,0.0,0.0,100.0
000008,1,Car,7.86,289.6,1940,tz,cm,2.0,2.069,100.0
000008,3,Car,14.44,123.3,668,tz,cm,2.0,1.088,100.0
000008,4,Car,33.2,51.1,53,tz,cm,2.0,0.451,100.0
000008,5,Car,19.96,71.9,164,tz,cm,2.0,0.763,100.0
000008,1,Car,7.86,289.6,1940,tz,cm,5.0,5.172,98.299
000008,3,Car,14.44,123.3,668,tz,cm,5.0,2.721,100.0
000008,4,Car,33.2,51.1,53,tz,cm,5.0,1.128,100.0
000008,5,Car,19.96,71.9,164,tz,cm,5.0,1.908,100.0
000008,1,Car,7.86,289.6,1940,tz,cm,10.0,10.343,95.515
000008,3,Car,14.44,123.3,668,tz,cm,10.0,5.441,97.156
000008,4,Car,33.2,51.1,53,tz,cm,10.0,2.257,98.113
000008,5,Car,19.96,71.9,164,tz,cm,10.0,3.815,100.0
000009,0,Car,23.88,57.2,219,roll,deg,-3.0,1.985,99.087
000009,0,Car,23.88,57.2,219,roll,deg,-2.0,1.323,100.0
000009,0,Car,23.88,57.2,219,roll,deg,-1.0,0.662,100.0
000009,0,Car,23.88,57.2,219,roll,deg,-0.5,0.331,100.0
000009,0,Car,23.88,57.2,219,roll,deg,0.0,0.0,100.0
000009,0,Car,23.88,57.2,219,roll,deg,0.5,0.331,100.0
000009,0,Car,23.88,57.2,219,roll,deg,1.0,0.662,100.0
000009,0,Car,23.88,57.2,219,roll,deg,2.0,1.323,100.0
000009,0,Car,23.88,57.2,219,roll,deg,3.0,1.985,100.0
000009,0,Car,23.88,57.2,219,pitch,deg,-3.0,38.268,34.247
000009,0,Car,23.88,57.2,219,pitch,deg,-2.0,25.521,65.753
000009,0,Car,23.88,57.2,219,pitch,deg,-1.0,12.768,90.411
000009,0,Car,23.88,57.2,219,pitch,deg,-0.5,6.386,92.237
000009,0,Car,23.88,57.2,219,pitch,deg,0.0,0.0,100.0
000009,0,Car,23.88,57.2,219,pitch,deg,0.5,6.392,88.584
000009,0,Car,23.88,57.2,219,pitch,deg,1.0,12.79,74.429
000009,0,Car,23.88,57.2,219,pitch,deg,2.0,25.611,41.553
000009,0,Car,23.88,57.2,219,pitch,deg,3.0,38.47,12.329
000009,0,Car,23.88,57.2,219,yaw,deg,-3.0,38.38,31.963
000009,0,Car,23.88,57.2,219,yaw,deg,-2.0,25.561,56.621
000009,0,Car,23.88,57.2,219,yaw,deg,-1.0,12.77,80.365
000009,0,Car,23.88,57.2,219,yaw,deg,-0.5,6.383,93.607
000009,0,Car,23.88,57.2,219,yaw,deg,0.0,0.0,100.0
000009,0,Car,23.88,57.2,219,yaw,deg,0.5,6.38,92.694
000009,0,Car,23.88,57.2,219,yaw,deg,1.0,12.758,82.192
000009,0,Car,23.88,57.2,219,yaw,deg,2.0,25.512,54.795
000009,0,Car,23.88,57.2,219,yaw,deg,3.0,38.269,30.137
000009,0,Car,23.88,57.2,219,tx,cm,-10.0,0.163,100.0
000009,0,Car,23.88,57.2,219,tx,cm,-5.0,0.081,100.0
000009,0,Car,23.88,57.2,219,tx,cm,-2.0,0.033,100.0
000009,0,Car,23.88,57.2,219,tx,cm,0.0,0.0,100.0
000009,0,Car,23.88,57.2,219,tx,cm,2.0,0.032,100.0
000009,0,Car,23.88,57.2,219,tx,cm,5.0,0.081,100.0
000009,0,Car,23.88,57.2,219,tx,cm,10.0,0.162,100.0
000009,0,Car,23.88,57.2,219,ty,cm,-10.0,3.169,97.717
000009,0,Car,23.88,57.2,219,ty,cm,-5.0,1.584,99.543
000009,0,Car,23.88,57.2,219,ty,cm,-2.0,0.634,100.0
000009,0,Car,23.88,57.2,219,ty,cm,0.0,0.0,100.0
000009,0,Car,23.88,57.2,219,ty,cm,2.0,0.634,100.0
000009,0,Car,23.88,57.2,219,ty,cm,5.0,1.584,100.0
000009,0,Car,23.88,57.2,219,ty,cm,10.0,3.169,99.087
000009,0,Car,23.88,57.2,219,tz,cm,-10.0,3.17,100.0
000009,0,Car,23.88,57.2,219,tz,cm,-5.0,1.585,100.0
000009,0,Car,23.88,57.2,219,tz,cm,-2.0,0.634,100.0
000009,0,Car,23.88,57.2,219,tz,cm,0.0,0.0,100.0
000009,0,Car,23.88,57.2,219,tz,cm,2.0,0.634,100.0
000009,0,Car,23.88,57.2,219,tz,cm,5.0,1.585,100.0
000009,0,Car,23.88,57.2,219,tz,cm,10.0,3.17,100.0
000010,1,Car,11.8,195.1,1016,roll,deg,-3.0,8.79,99.409
000010,3,Car,16.5,107.2,340,roll,deg,-3.0,14.001,91.176
000010,5,Car,23.64,76.5,246,roll,deg,-3.0,2.005,98.78
000010,7,Car,28.53,55.4,33,roll,deg,-3.0,10.012,84.848
000010,8,Car,42.85,43.5,20,roll,deg,-3.0,3.992,100.0
000010,1,Car,11.8,195.1,1016,roll,deg,-2.0,5.86,99.902
000010,3,Car,16.5,107.2,340,roll,deg,-2.0,9.335,97.647
000010,5,Car,23.64,76.5,246,roll,deg,-2.0,1.337,99.593
000010,7,Car,28.53,55.4,33,roll,deg,-2.0,6.675,84.848
000010,8,Car,42.85,43.5,20,roll,deg,-2.0,2.662,100.0
000010,1,Car,11.8,195.1,1016,roll,deg,-1.0,2.93,99.902
000010,3,Car,16.5,107.2,340,roll,deg,-1.0,4.668,100.0
000010,5,Car,23.64,76.5,246,roll,deg,-1.0,0.668,100.0
000010,7,Car,28.53,55.4,33,roll,deg,-1.0,3.338,84.848
000010,8,Car,42.85,43.5,20,roll,deg,-1.0,1.331,100.0
000010,1,Car,11.8,195.1,1016,roll,deg,-0.5,1.465,100.0
000010,3,Car,16.5,107.2,340,roll,deg,-0.5,2.334,100.0
000010,5,Car,23.64,76.5,246,roll,deg,-0.5,0.334,100.0
000010,7,Car,28.53,55.4,33,roll,deg,-0.5,1.669,100.0
000010,8,Car,42.85,43.5,20,roll,deg,-0.5,0.665,100.0
000010,1,Car,11.8,195.1,1016,roll,deg,0.0,0.0,100.0
000010,3,Car,16.5,107.2,340,roll,deg,0.0,0.0,100.0
000010,5,Car,23.64,76.5,246,roll,deg,0.0,0.0,100.0
000010,7,Car,28.53,55.4,33,roll,deg,0.0,0.0,100.0
000010,8,Car,42.85,43.5,20,roll,deg,0.0,0.0,100.0
000010,1,Car,11.8,195.1,1016,roll,deg,0.5,1.465,100.0
000010,3,Car,16.5,107.2,340,roll,deg,0.5,2.334,100.0
000010,5,Car,23.64,76.5,246,roll,deg,0.5,0.334,100.0
000010,7,Car,28.53,55.4,33,roll,deg,0.5,1.669,100.0
000010,8,Car,42.85,43.5,20,roll,deg,0.5,0.665,100.0
000010,1,Car,11.8,195.1,1016,roll,deg,1.0,2.93,100.0
000010,3,Car,16.5,107.2,340,roll,deg,1.0,4.668,97.941
000010,5,Car,23.64,76.5,246,roll,deg,1.0,0.668,100.0
000010,7,Car,28.53,55.4,33,roll,deg,1.0,3.338,84.848
000010,8,Car,42.85,43.5,20,roll,deg,1.0,1.331,75.0
000010,1,Car,11.8,195.1,1016,roll,deg,2.0,5.86,98.917
000010,3,Car,16.5,107.2,340,roll,deg,2.0,9.336,93.529
000010,5,Car,23.64,76.5,246,roll,deg,2.0,1.336,100.0
000010,7,Car,28.53,55.4,33,roll,deg,2.0,6.676,60.606
000010,8,Car,42.85,43.5,20,roll,deg,2.0,2.662,75.0
000010,1,Car,11.8,195.1,1016,roll,deg,3.0,8.789,98.819
000010,3,Car,16.5,107.2,340,roll,deg,3.0,14.004,87.941
000010,5,Car,23.64,76.5,246,roll,deg,3.0,2.005,100.0
000010,7,Car,28.53,55.4,33,roll,deg,3.0,10.014,57.576
000010,8,Car,42.85,43.5,20,roll,deg,3.0,3.992,75.0
000010,1,Car,11.8,195.1,1016,pitch,deg,-3.0,38.968,80.512
000010,3,Car,16.5,107.2,340,pitch,deg,-3.0,38.549,56.765
000010,5,Car,23.64,76.5,246,pitch,deg,-3.0,38.275,28.862
000010,7,Car,28.53,55.4,33,pitch,deg,-3.0,38.185,15.152
000010,8,Car,42.85,43.5,20,pitch,deg,-3.0,38.036,0.0
000010,1,Car,11.8,195.1,1016,pitch,deg,-2.0,26.011,88.484
000010,3,Car,16.5,107.2,340,pitch,deg,-2.0,25.718,73.824
000010,5,Car,23.64,76.5,246,pitch,deg,-2.0,25.527,62.195
000010,7,Car,28.53,55.4,33,pitch,deg,-2.0,25.465,63.636
000010,8,Car,42.85,43.5,20,pitch,deg,-2.0,25.359,25.0
000010,1,Car,11.8,195.1,1016,pitch,deg,-1.0,13.025,93.701
000010,3,Car,16.5,107.2,340,pitch,deg,-1.0,12.871,90.882
000010,5,Car,23.64,76.5,246,pitch,deg,-1.0,12.771,89.024
000010,7,Car,28.53,55.4,33,pitch,deg,-1.0,12.74,84.848
000010,8,Car,42.85,43.5,20,pitch,deg,-1.0,12.683,90.0
000010,1,Car,11.8,195.1,1016,pitch,deg,-0.5,6.518,98.819
000010,3,Car,16.5,107.2,340,pitch,deg,-0.5,6.439,100.0
000010,5,Car,23.64,76.5,246,pitch,deg,-0.5,6.388,92.276
000010,7,Car,28.53,55.4,33,pitch,deg,-0.5,6.372,84.848
000010,8,Car,42.85,43.5,20,pitch,deg,-0.5,6.343,90.0
000010,1,Car,11.8,195.1,1016,pitch,deg,0.0,0.0,100.0
000010,3,Car,16.5,107.2,340,pitch,deg,0.0,0.0,100.0
000010,5,Car,23.64,76.5,246,pitch,deg,0.0,0.0,100.0
000010,7,Car,28.53,55.4,33,pitch,deg,0.0,0.0,100.0
000010,8,Car,42.85,43.5,20,pitch,deg,0.0,0.0,100.0
000010,1,Car,11.8,195.1,1016,pitch,deg,0.5,6.529,99.803
000010,3,Car,16.5,107.2,340,pitch,deg,0.5,6.448,96.765
000010,5,Car,23.64,76.5,246,pitch,deg,0.5,6.394,84.959
000010,7,Car,28.53,55.4,33,pitch,deg,0.5,6.378,63.636
000010,8,Car,42.85,43.5,20,pitch,deg,0.5,6.346,60.0
000010,1,Car,11.8,195.1,1016,pitch,deg,1.0,13.071,98.228
000010,3,Car,16.5,107.2,340,pitch,deg,1.0,12.905,87.941
000010,5,Car,23.64,76.5,246,pitch,deg,1.0,12.795,71.951
000010,7,Car,28.53,55.4,33,pitch,deg,1.0,12.762,42.424
000010,8,Car,42.85,43.5,20,pitch,deg,1.0,12.697,30.0
000010,1,Car,11.8,195.1,1016,pitch,deg,2.0,26.198,83.071
000010,3,Car,16.5,107.2,340,pitch,deg,2.0,25.852,60.0
000010,5,Car,23.64,76.5,246,pitch,deg,2.0,25.621,39.024
000010,7,Car,28.53,55.4,33,pitch,deg,2.0,25.554,15.152
000010,8,Car,42.85,43.5,20,pitch,deg,2.0,25.416,0.0
000010,1,Car,11.8,195.1,1016,pitch,deg,3.0,39.389,62.992
000010,3,Car,16.5,107.2,340,pitch,deg,3.0,38.849,41.176
000010,5,Car,23.64,76.5,246,pitch,deg,3.0,38.488,10.976
000010,7,Car,28.53,55.4,33,pitch,deg,3.0,38.385,15.152
000010,8,Car,42.85,43.5,20,pitch,deg,3.0,38.166,0.0
000010,1,Car,11.8,195.1,1016,yaw,deg,-3.0,40.142,82.776
000010,3,Car,16.5,107.2,340,yaw,deg,-3.0,44.512,58.529
000010,5,Car,23.64,76.5,246,yaw,deg,-3.0,38.284,45.935
000010,7,Car,28.53,55.4,33,yaw,deg,-3.0,41.39,42.424
000010,8,Car,42.85,43.5,20,yaw,deg,-3.0,38.691,0.0
000010,1,Car,11.8,195.1,1016,yaw,deg,-2.0,26.846,90.453
000010,3,Car,16.5,107.2,340,yaw,deg,-2.0,29.465,75.882
000010,5,Car,23.64,76.5,246,yaw,deg,-2.0,25.517,67.886
000010,7,Car,28.53,55.4,33,yaw,deg,-2.0,27.451,87.879
000010,8,Car,42.85,43.5,20,yaw,deg,-2.0,25.734,30.0
000010,1,Car,11.8,195.1,1016,yaw,deg,-1.0,13.469,97.933
000010,3,Car,16.5,107.2,340,yaw,deg,-1.0,14.632,93.529
000010,5,Car,23.64,76.5,246,yaw,deg,-1.0,12.758,88.618
000010,7,Car,28.53,55.4,33,yaw,deg,-1.0,13.657,100.0
000010,8,Car,42.85,43.5,20,yaw,deg,-1.0,12.839,90.0
000010,1,Car,11.8,195.1,1016,yaw,deg,-0.5,6.746,100.0
000010,3,Car,16.5,107.2,340,yaw,deg,-0.5,7.292,99.118
000010,5,Car,23.64,76.5,246,yaw,deg,-0.5,6.379,96.341
000010,7,Car,28.53,55.4,33,yaw,deg,-0.5,6.812,100.0
000010,8,Car,42.85,43.5,20,yaw,deg,-0.5,6.413,90.0
000010,1,Car,11.8,195.1,1016,yaw,deg,0.0,0.0,100.0
000010,3,Car,16.5,107.2,340,yaw,deg,0.0,0.0,100.0
000010,5,Car,23.64,76.5,246,yaw,deg,0.0,0.0,100.0
000010,7,Car,28.53,55.4,33,yaw,deg,0.0,0.0,100.0
000010,8,Car,42.85,43.5,20,yaw,deg,0.0,0.0,100.0
000010,1,Car,11.8,195.1,1016,yaw,deg,0.5,6.771,100.0
000010,3,Car,16.5,107.2,340,yaw,deg,0.5,7.244,99.706
000010,5,Car,23.64,76.5,246,yaw,deg,0.5,6.381,100.0
000010,7,Car,28.53,55.4,33,yaw,deg,0.5,6.781,81.818
000010,8,Car,42.85,43.5,20,yaw,deg,0.5,6.402,100.0
000010,1,Car,11.8,195.1,1016,yaw,deg,1.0,13.569,100.0
000010,3,Car,16.5,107.2,340,yaw,deg,1.0,14.443,95.882
000010,5,Car,23.64,76.5,246,yaw,deg,1.0,12.765,94.309
000010,7,Car,28.53,55.4,33,yaw,deg,1.0,13.532,57.576
000010,8,Car,42.85,43.5,20,yaw,deg,1.0,12.793,85.0
000010,1,Car,11.8,195.1,1016,yaw,deg,2.0,27.249,96.85
000010,3,Car,16.5,107.2,340,yaw,deg,2.0,28.711,87.353
000010,5,Car,23.64,76.5,246,yaw,deg,2.0,25.546,76.016
000010,7,Car,28.53,55.4,33,yaw,deg,2.0,26.949,12.121
000010,8,Car,42.85,43.5,20,yaw,deg,2.0,25.547,25.0
000010,1,Car,11.8,195.1,1016,yaw,deg,3.0,41.05,90.846
000010,3,Car,16.5,107.2,340,yaw,deg,3.0,42.815,69.706
000010,5,Car,23.64,76.5,246,yaw,deg,3.0,38.349,52.439
000010,7,Car,28.53,55.4,33,yaw,deg,3.0,40.26,0.0
000010,8,Car,42.85,43.5,20,yaw,deg,3.0,38.271,10.0
000010,1,Car,11.8,195.1,1016,tx,cm,-10.0,1.545,100.0
000010,3,Car,16.5,107.2,340,tx,cm,-10.0,1.778,100.0
000010,5,Car,23.64,76.5,246,tx,cm,-10.0,0.16,100.0
000010,7,Car,28.53,55.4,33,tx,cm,-10.0,0.696,100.0
000010,8,Car,42.85,43.5,20,tx,cm,-10.0,0.184,100.0
000010,1,Car,11.8,195.1,1016,tx,cm,-5.0,0.769,100.0
000010,3,Car,16.5,107.2,340,tx,cm,-5.0,0.886,100.0
000010,5,Car,23.64,76.5,246,tx,cm,-5.0,0.08,100.0
000010,7,Car,28.53,55.4,33,tx,cm,-5.0,0.347,100.0
000010,8,Car,42.85,43.5,20,tx,cm,-5.0,0.092,100.0
000010,1,Car,11.8,195.1,1016,tx,cm,-2.0,0.307,100.0
000010,3,Car,16.5,107.2,340,tx,cm,-2.0,0.354,100.0
000010,5,Car,23.64,76.5,246,tx,cm,-2.0,0.032,100.0
000010,7,Car,28.53,55.4,33,tx,cm,-2.0,0.139,100.0
000010,8,Car,42.85,43.5,20,tx,cm,-2.0,0.037,100.0
000010,1,Car,11.8,195.1,1016,tx,cm,0.0,0.0,100.0
000010,3,Car,16.5,107.2,340,tx,cm,0.0,0.0,100.0
000010,5,Car,23.64,76.5,246,tx,cm,0.0,0.0,100.0
000010,7,Car,28.53,55.4,33,tx,cm,0.0,0.0,100.0
000010,8,Car,42.85,43.5,20,tx,cm,0.0,0.0,100.0
000010,1,Car,11.8,195.1,1016,tx,cm,2.0,0.305,100.0
000010,3,Car,16.5,107.2,340,tx,cm,2.0,0.353,100.0
000010,5,Car,23.64,76.5,246,tx,cm,2.0,0.032,100.0
000010,7,Car,28.53,55.4,33,tx,cm,2.0,0.139,100.0
000010,8,Car,42.85,43.5,20,tx,cm,2.0,0.037,100.0
000010,1,Car,11.8,195.1,1016,tx,cm,5.0,0.762,100.0
000010,3,Car,16.5,107.2,340,tx,cm,5.0,0.88,100.0
000010,5,Car,23.64,76.5,246,tx,cm,5.0,0.079,100.0
000010,7,Car,28.53,55.4,33,tx,cm,5.0,0.346,100.0
000010,8,Car,42.85,43.5,20,tx,cm,5.0,0.092,100.0
000010,1,Car,11.8,195.1,1016,tx,cm,10.0,1.516,100.0
000010,3,Car,16.5,107.2,340,tx,cm,10.0,1.754,100.0
000010,5,Car,23.64,76.5,246,tx,cm,10.0,0.158,100.0
000010,7,Car,28.53,55.4,33,tx,cm,10.0,0.691,100.0
000010,8,Car,42.85,43.5,20,tx,cm,10.0,0.183,100.0
000010,1,Car,11.8,195.1,1016,ty,cm,-10.0,6.68,100.0
000010,3,Car,16.5,107.2,340,ty,cm,-10.0,4.719,100.0
000010,5,Car,23.64,76.5,246,ty,cm,-10.0,3.185,99.593
000010,7,Car,28.53,55.4,33,ty,cm,-10.0,2.598,100.0
000010,8,Car,42.85,43.5,20,ty,cm,-10.0,1.72,100.0
000010,1,Car,11.8,195.1,1016,ty,cm,-5.0,3.34,100.0
000010,3,Car,16.5,107.2,340,ty,cm,-5.0,2.36,100.0
000010,5,Car,23.64,76.5,246,ty,cm,-5.0,1.592,100.0
000010,7,Car,28.53,55.4,33,ty,cm,-5.0,1.299,100.0
000010,8,Car,42.85,43.5,20,ty,cm,-5.0,0.86,100.0
000010,1,Car,11.8,195.1,1016,ty,cm,-2.0,1.336,100.0
000010,3,Car,16.5,107.2,340,ty,cm,-2.0,0.944,100.0
000010,5,Car,23.64,76.5,246,ty,cm,-2.0,0.637,100.0
000010,7,Car,28.53,55.4,33,ty,cm,-2.0,0.52,100.0
000010,8,Car,42.85,43.5,20,ty,cm,-2.0,0.344,100.0
000010,1,Car,11.8,195.1,1016,ty,cm,0.0,0.0,100.0
000010,3,Car,16.5,107.2,340,ty,cm,0.0,0.0,100.0
000010,5,Car,23.64,76.5,246,ty,cm,0.0,0.0,100.0
000010,7,Car,28.53,55.4,33,ty,cm,0.0,0.0,100.0
000010,8,Car,42.85,43.5,20,ty,cm,0.0,0.0,100.0
000010,1,Car,11.8,195.1,1016,ty,cm,2.0,1.336,100.0
000010,3,Car,16.5,107.2,340,ty,cm,2.0,0.944,100.0
000010,5,Car,23.64,76.5,246,ty,cm,2.0,0.637,100.0
000010,7,Car,28.53,55.4,33,ty,cm,2.0,0.52,100.0
000010,8,Car,42.85,43.5,20,ty,cm,2.0,0.344,100.0
000010,1,Car,11.8,195.1,1016,ty,cm,5.0,3.34,100.0
000010,3,Car,16.5,107.2,340,ty,cm,5.0,2.36,100.0
000010,5,Car,23.64,76.5,246,ty,cm,5.0,1.592,100.0
000010,7,Car,28.53,55.4,33,ty,cm,5.0,1.299,100.0
000010,8,Car,42.85,43.5,20,ty,cm,5.0,0.86,100.0
000010,1,Car,11.8,195.1,1016,ty,cm,10.0,6.68,100.0
000010,3,Car,16.5,107.2,340,ty,cm,10.0,4.719,100.0
000010,5,Car,23.64,76.5,246,ty,cm,10.0,3.185,100.0
000010,7,Car,28.53,55.4,33,ty,cm,10.0,2.598,100.0
000010,8,Car,42.85,43.5,20,ty,cm,10.0,1.72,100.0
000010,1,Car,11.8,195.1,1016,tz,cm,-10.0,6.687,99.409
000010,3,Car,16.5,107.2,340,tz,cm,-10.0,4.722,97.941
000010,5,Car,23.64,76.5,246,tz,cm,-10.0,3.186,95.935
000010,7,Car,28.53,55.4,33,tz,cm,-10.0,2.6,84.848
000010,8,Car,42.85,43.5,20,tz,cm,-10.0,1.721,75.0
000010,1,Car,11.8,195.1,1016,tz,cm,-5.0,3.343,99.902
000010,3,Car,16.5,107.2,340,tz,cm,-5.0,2.361,100.0
000010,5,Car,23.64,76.5,246,tz,cm,-5.0,1.593,95.935
000010,7,Car,28.53,55.4,33,tz,cm,-5.0,1.3,100.0
000010,8,Car,42.85,43.5,20,tz,cm,-5.0,0.86,100.0
000010,1,Car,11.8,195.1,1016,tz,cm,-2.0,1.337,100.0
000010,3,Car,16.5,107.2,340,tz,cm,-2.0,0.944,100.0
000010,5,Car,23.64,76.5,246,tz,cm,-2.0,0.637,95.935
000010,7,Car,28.53,55.4,33,tz,cm,-2.0,0.52,100.0
000010,8,Car,42.85,43.5,20,tz,cm,-2.0,0.344,100.0
000010,1,Car,11.8,195.1,1016,tz,cm,0.0,0.0,100.0
000010,3,Car,16.5,107.2,340,tz,cm,0.0,0.0,100.0
000010,5,Car,23.64,76.5,246,tz,cm,0.0,0.0,100.0
000010,7,Car,28.53,55.4,33,tz,cm,0.0,0.0,100.0
000010,8,Car,42.85,43.5,20,tz,cm,0.0,0.0,100.0
000010,1,Car,11.8,195.1,1016,tz,cm,2.0,1.337,100.0
000010,3,Car,16.5,107.2,340,tz,cm,2.0,0.944,100.0
000010,5,Car,23.64,76.5,246,tz,cm,2.0,0.637,100.0
000010,7,Car,28.53,55.4,33,tz,cm,2.0,0.52,100.0
000010,8,Car,42.85,43.5,20,tz,cm,2.0,0.344,100.0
000010,1,Car,11.8,195.1,1016,tz,cm,5.0,3.343,100.0
000010,3,Car,16.5,107.2,340,tz,cm,5.0,2.361,100.0
000010,5,Car,23.64,76.5,246,tz,cm,5.0,1.593,100.0
000010,7,Car,28.53,55.4,33,tz,cm,5.0,1.3,100.0
000010,8,Car,42.85,43.5,20,tz,cm,5.0,0.86,100.0
000010,1,Car,11.8,195.1,1016,tz,cm,10.0,6.686,98.819
000010,3,Car,16.5,107.2,340,tz,cm,10.0,4.722,100.0
000010,5,Car,23.64,76.5,246,tz,cm,10.0,3.186,100.0
000010,7,Car,28.53,55.4,33,tz,cm,10.0,2.599,100.0
000010,8,Car,42.85,43.5,20,tz,cm,10.0,1.721,100.0
000011,2,Car,26.64,60.7,208,roll,deg,-3.0,7.229,80.288
000011,2,Car,26.64,60.7,208,roll,deg,-2.0,4.82,87.5
000011,2,Car,26.64,60.7,208,roll,deg,-1.0,2.41,89.904
000011,2,Car,26.64,60.7,208,roll,deg,-0.5,1.205,90.865
000011,2,Car,26.64,60.7,208,roll,deg,0.0,0.0,100.0
000011,2,Car,26.64,60.7,208,roll,deg,0.5,1.205,100.0
000011,2,Car,26.64,60.7,208,roll,deg,1.0,2.41,100.0
000011,2,Car,26.64,60.7,208,roll,deg,2.0,4.819,93.75
000011,2,Car,26.64,60.7,208,roll,deg,3.0,7.228,91.827
000011,2,Car,26.64,60.7,208,pitch,deg,-3.0,38.209,40.385
000011,2,Car,26.64,60.7,208,pitch,deg,-2.0,25.478,74.519
000011,2,Car,26.64,60.7,208,pitch,deg,-1.0,12.745,81.731
000011,2,Car,26.64,60.7,208,pitch,deg,-0.5,6.374,91.827
000011,2,Car,26.64,60.7,208,pitch,deg,0.0,0.0,100.0
000011,2,Car,26.64,60.7,208,pitch,deg,0.5,6.379,79.808
000011,2,Car,26.64,60.7,208,pitch,deg,1.0,12.764,70.192
000011,2,Car,26.64,60.7,208,pitch,deg,2.0,25.554,37.5
000011,2,Car,26.64,60.7,208,pitch,deg,3.0,38.38,21.635
000011,2,Car,26.64,60.7,208,yaw,deg,-3.0,39.169,28.365
000011,2,Car,26.64,60.7,208,yaw,deg,-2.0,26.184,53.846
000011,2,Car,26.64,60.7,208,yaw,deg,-1.0,13.131,79.327
000011,2,Car,26.64,60.7,208,yaw,deg,-0.5,6.576,92.788
000011,2,Car,26.64,60.7,208,yaw,deg,0.0,0.0,100.0
000011,2,Car,26.64,60.7,208,yaw,deg,0.5,6.597,95.673
000011,2,Car,26.64,60.7,208,yaw,deg,1.0,13.217,85.577
000011,2,Car,26.64,60.7,208,yaw,deg,2.0,26.529,61.058
000011,2,Car,26.64,60.7,208,yaw,deg,3.0,39.946,36.538
000011,2,Car,26.64,60.7,208,tx,cm,-10.0,0.532,100.0
000011,2,Car,26.64,60.7,208,tx,cm,-5.0,0.266,100.0
000011,2,Car,26.64,60.7,208,tx,cm,-2.0,0.106,100.0
000011,2,Car,26.64,60.7,208,tx,cm,0.0,0.0,100.0
000011,2,Car,26.64,60.7,208,tx,cm,2.0,0.106,100.0
000011,2,Car,26.64,60.7,208,tx,cm,5.0,0.265,100.0
000011,2,Car,26.64,60.7,208,tx,cm,10.0,0.528,100.0
000011,2,Car,26.64,60.7,208,ty,cm,-10.0,2.803,98.558
000011,2,Car,26.64,60.7,208,ty,cm,-5.0,1.401,100.0
000011,2,Car,26.64,60.7,208,ty,cm,-2.0,0.561,100.0
000011,2,Car,26.64,60.7,208,ty,cm,0.0,0.0,100.0
000011,2,Car,26.64,60.7,208,ty,cm,2.0,0.561,100.0
000011,2,Car,26.64,60.7,208,ty,cm,5.0,1.401,100.0
000011,2,Car,26.64,60.7,208,ty,cm,10.0,2.803,100.0
000011,2,Car,26.64,60.7,208,tz,cm,-10.0,2.804,89.904
000011,2,Car,26.64,60.7,208,tz,cm,-5.0,1.402,89.904
000011,2,Car,26.64,60.7,208,tz,cm,-2.0,0.561,96.154
000011,2,Car,26.64,60.7,208,tz,cm,0.0,0.0,100.0
000011,2,Car,26.64,60.7,208,tz,cm,2.0,0.561,100.0
000011,2,Car,26.64,60.7,208,tz,cm,5.0,1.402,100.0
000011,2,Car,26.64,60.7,208,tz,cm,10.0,2.804,100.0
000012,1,Van,65.02,33.5,39,roll,deg,-3.0,7.653,97.436
000012,1,Van,65.02,33.5,39,roll,deg,-2.0,5.102,100.0
000012,1,Van,65.02,33.5,39,roll,deg,-1.0,2.551,100.0
000012,1,Van,65.02,33.5,39,roll,deg,-0.5,1.276,100.0
000012,1,Van,65.02,33.5,39,roll,deg,0.0,0.0,100.0
000012,1,Van,65.02,33.5,39,roll,deg,0.5,1.276,100.0
000012,1,Van,65.02,33.5,39,roll,deg,1.0,2.551,100.0
000012,1,Van,65.02,33.5,39,roll,deg,2.0,5.102,71.795
000012,1,Van,65.02,33.5,39,roll,deg,3.0,7.653,71.795
000012,1,Van,65.02,33.5,39,pitch,deg,-3.0,37.952,0.0
000012,1,Van,65.02,33.5,39,pitch,deg,-2.0,25.298,0.0
000012,1,Van,65.02,33.5,39,pitch,deg,-1.0,12.65,53.846
000012,1,Van,65.02,33.5,39,pitch,deg,-0.5,6.326,71.795
000012,1,Van,65.02,33.5,39,pitch,deg,0.0,0.0,100.0
000012,1,Van,65.02,33.5,39,pitch,deg,0.5,6.328,100.0
000012,1,Van,65.02,33.5,39,pitch,deg,1.0,12.66,46.154
000012,1,Van,65.02,33.5,39,pitch,deg,2.0,25.339,28.205
000012,1,Van,65.02,33.5,39,pitch,deg,3.0,38.043,0.0
000012,1,Van,65.02,33.5,39,yaw,deg,-3.0,39.106,0.0
000012,1,Van,65.02,33.5,39,yaw,deg,-2.0,26.149,12.821
000012,1,Van,65.02,33.5,39,yaw,deg,-1.0,13.116,61.538
000012,1,Van,65.02,33.5,39,yaw,deg,-0.5,6.569,92.308
000012,1,Van,65.02,33.5,39,yaw,deg,0.0,0.0,100.0
000012,1,Van,65.02,33.5,39,yaw,deg,0.5,6.592,89.744
000012,1,Van,65.02,33.5,39,yaw,deg,1.0,13.209,58.974
000012,1,Van,65.02,33.5,39,yaw,deg,2.0,26.52,10.256
000012,1,Van,65.02,33.5,39,yaw,deg,3.0,39.942,0.0
000012,1,Van,65.02,33.5,39,tx,cm,-10.0,0.229,100.0
000012,1,Van,65.02,33.5,39,tx,cm,-5.0,0.115,100.0
000012,1,Van,65.02,33.5,39,tx,cm,-2.0,0.046,100.0
000012,1,Van,65.02,33.5,39,tx,cm,0.0,0.0,100.0
000012,1,Van,65.02,33.5,39,tx,cm,2.0,0.046,100.0
000012,1,Van,65.02,33.5,39,tx,cm,5.0,0.114,100.0
000012,1,Van,65.02,33.5,39,tx,cm,10.0,0.229,100.0
000012,1,Van,65.02,33.5,39,ty,cm,-10.0,1.136,100.0
000012,1,Van,65.02,33.5,39,ty,cm,-5.0,0.568,100.0
000012,1,Van,65.02,33.5,39,ty,cm,-2.0,0.227,100.0
000012,1,Van,65.02,33.5,39,ty,cm,0.0,0.0,100.0
000012,1,Van,65.02,33.5,39,ty,cm,2.0,0.227,100.0
000012,1,Van,65.02,33.5,39,ty,cm,5.0,0.568,100.0
000012,1,Van,65.02,33.5,39,ty,cm,10.0,1.136,100.0
000012,1,Van,65.02,33.5,39,tz,cm,-10.0,1.136,100.0
000012,1,Van,65.02,33.5,39,tz,cm,-5.0,0.568,100.0
000012,1,Van,65.02,33.5,39,tz,cm,-2.0,0.227,100.0
000012,1,Van,65.02,33.5,39,tz,cm,0.0,0.0,100.0
000012,1,Van,65.02,33.5,39,tz,cm,2.0,0.227,100.0
000012,1,Van,65.02,33.5,39,tz,cm,5.0,0.568,100.0
000012,1,Van,65.02,33.5,39,tz,cm,10.0,1.136,100.0
000016,2,Car,33.13,49.4,51,roll,deg,-3.0,5.039,100.0
000016,3,Car,6.05,386.2,2051,roll,deg,-3.0,25.079,76.451
000016,2,Car,33.13,49.4,51,roll,deg,-2.0,3.36,100.0
000016,3,Car,6.05,386.2,2051,roll,deg,-2.0,16.72,79.668
000016,2,Car,33.13,49.4,51,roll,deg,-1.0,1.68,100.0
000016,3,Car,6.05,386.2,2051,roll,deg,-1.0,8.36,82.789
000016,2,Car,33.13,49.4,51,roll,deg,-0.5,0.84,100.0
000016,3,Car,6.05,386.2,2051,roll,deg,-0.5,4.18,84.544
000016,2,Car,33.13,49.4,51,roll,deg,0.0,0.0,100.0
000016,3,Car,6.05,386.2,2051,roll,deg,0.0,0.0,85.861
000016,2,Car,33.13,49.4,51,roll,deg,0.5,0.84,100.0
000016,3,Car,6.05,386.2,2051,roll,deg,0.5,4.179,86.982
000016,2,Car,33.13,49.4,51,roll,deg,1.0,1.68,100.0
000016,3,Car,6.05,386.2,2051,roll,deg,1.0,8.359,87.86
000016,2,Car,33.13,49.4,51,roll,deg,2.0,3.36,94.118
000016,3,Car,6.05,386.2,2051,roll,deg,2.0,16.715,88.737
000016,2,Car,33.13,49.4,51,roll,deg,3.0,5.04,82.353
000016,3,Car,6.05,386.2,2051,roll,deg,3.0,25.07,85.812
000016,2,Car,33.13,49.4,51,pitch,deg,-3.0,38.114,0.0
000016,3,Car,6.05,386.2,2051,pitch,deg,-3.0,41.106,86.982
000016,2,Car,33.13,49.4,51,pitch,deg,-2.0,25.409,17.647
000016,3,Car,6.05,386.2,2051,pitch,deg,-2.0,27.496,87.128
000016,2,Car,33.13,49.4,51,pitch,deg,-1.0,12.707,78.431
000016,3,Car,6.05,386.2,2051,pitch,deg,-1.0,13.798,89.664
000016,2,Car,33.13,49.4,51,pitch,deg,-0.5,6.354,100.0
000016,3,Car,6.05,386.2,2051,pitch,deg,-0.5,6.912,87.665
000016,2,Car,33.13,49.4,51,pitch,deg,0.0,0.0,100.0
000016,3,Car,6.05,386.2,2051,pitch,deg,0.0,0.0,85.861
000016,2,Car,33.13,49.4,51,pitch,deg,0.5,6.358,82.353
000016,3,Car,6.05,386.2,2051,pitch,deg,0.5,6.94,83.13
000016,2,Car,33.13,49.4,51,pitch,deg,1.0,12.719,74.51
000016,3,Car,6.05,386.2,2051,pitch,deg,1.0,13.909,80.107
000016,2,Car,33.13,49.4,51,pitch,deg,2.0,25.459,7.843
000016,3,Car,6.05,386.2,2051,pitch,deg,2.0,27.942,72.794
000016,2,Car,33.13,49.4,51,pitch,deg,3.0,38.227,0.0
000016,3,Car,6.05,386.2,2051,pitch,deg,3.0,42.109,63.53
000016,2,Car,33.13,49.4,51,yaw,deg,-3.0,39.095,23.529
000016,3,Car,6.05,386.2,2051,yaw,deg,-3.0,53.948,87.372
000016,2,Car,33.13,49.4,51,yaw,deg,-2.0,25.989,50.98
000016,3,Car,6.05,386.2,2051,yaw,deg,-2.0,36.355,89.566
000016,2,Car,33.13,49.4,51,yaw,deg,-1.0,12.96,96.078
000016,3,Car,6.05,386.2,2051,yaw,deg,-1.0,18.38,89.274
000016,2,Car,33.13,49.4,51,yaw,deg,-0.5,6.472,98.039
000016,3,Car,6.05,386.2,2051,yaw,deg,-0.5,9.243,87.86
000016,2,Car,33.13,49.4,51,yaw,deg,0.0,0.0,100.0
000016,3,Car,6.05,386.2,2051,yaw,deg,0.0,0.0,85.861
000016,2,Car,33.13,49.4,51,yaw,deg,0.5,6.457,90.196
000016,3,Car,6.05,386.2,2051,yaw,deg,0.5,9.351,83.179
000016,2,Car,33.13,49.4,51,yaw,deg,1.0,12.9,74.51
000016,3,Car,6.05,386.2,2051,yaw,deg,1.0,18.814,80.059
000016,2,Car,33.13,49.4,51,yaw,deg,2.0,25.748,43.137
000016,3,Car,6.05,386.2,2051,yaw,deg,2.0,38.09,73.915
000016,2,Car,33.13,49.4,51,yaw,deg,3.0,38.552,1.961
000016,3,Car,6.05,386.2,2051,yaw,deg,3.0,57.86,68.113
000016,2,Car,33.13,49.4,51,tx,cm,-10.0,0.309,100.0
000016,3,Car,6.05,386.2,2051,tx,cm,-10.0,9.473,81.326
000016,2,Car,33.13,49.4,51,tx,cm,-5.0,0.154,100.0
000016,3,Car,6.05,386.2,2051,tx,cm,-5.0,4.688,83.91
000016,2,Car,33.13,49.4,51,tx,cm,-2.0,0.062,100.0
000016,3,Car,6.05,386.2,2051,tx,cm,-2.0,1.864,85.227
000016,2,Car,33.13,49.4,51,tx,cm,0.0,0.0,100.0
000016,3,Car,6.05,386.2,2051,tx,cm,0.0,0.0,85.861
000016,2,Car,33.13,49.4,51,tx,cm,2.0,0.062,100.0
000016,3,Car,6.05,386.2,2051,tx,cm,2.0,1.849,86.397
000016,2,Car,33.13,49.4,51,tx,cm,5.0,0.154,100.0
000016,3,Car,6.05,386.2,2051,tx,cm,5.0,4.594,87.372
000016,2,Car,33.13,49.4,51,tx,cm,10.0,0.307,100.0
000016,3,Car,6.05,386.2,2051,tx,cm,10.0,9.098,88.737
000016,2,Car,33.13,49.4,51,ty,cm,-10.0,2.283,100.0
000016,3,Car,6.05,386.2,2051,ty,cm,-10.0,13.808,87.908
000016,2,Car,33.13,49.4,51,ty,cm,-5.0,1.141,100.0
000016,3,Car,6.05,386.2,2051,ty,cm,-5.0,6.904,86.933
000016,2,Car,33.13,49.4,51,ty,cm,-2.0,0.457,100.0
000016,3,Car,6.05,386.2,2051,ty,cm,-2.0,2.762,86.299
000016,2,Car,33.13,49.4,51,ty,cm,0.0,0.0,100.0
000016,3,Car,6.05,386.2,2051,ty,cm,0.0,0.0,85.861
000016,2,Car,33.13,49.4,51,ty,cm,2.0,0.457,100.0
000016,3,Car,6.05,386.2,2051,ty,cm,2.0,2.762,85.324
000016,2,Car,33.13,49.4,51,ty,cm,5.0,1.141,100.0
000016,3,Car,6.05,386.2,2051,ty,cm,5.0,6.904,84.154
000016,2,Car,33.13,49.4,51,ty,cm,10.0,2.283,100.0
000016,3,Car,6.05,386.2,2051,ty,cm,10.0,13.808,82.155
000016,2,Car,33.13,49.4,51,tz,cm,-10.0,2.283,100.0
000016,3,Car,6.05,386.2,2051,tz,cm,-10.0,13.838,80.254
000016,2,Car,33.13,49.4,51,tz,cm,-5.0,1.142,100.0
000016,3,Car,6.05,386.2,2051,tz,cm,-5.0,6.918,83.228
000016,2,Car,33.13,49.4,51,tz,cm,-2.0,0.457,100.0
000016,3,Car,6.05,386.2,2051,tz,cm,-2.0,2.767,84.885
000016,2,Car,33.13,49.4,51,tz,cm,0.0,0.0,100.0
000016,3,Car,6.05,386.2,2051,tz,cm,0.0,0.0,85.861
000016,2,Car,33.13,49.4,51,tz,cm,2.0,0.457,100.0
000016,3,Car,6.05,386.2,2051,tz,cm,2.0,2.767,86.641
000016,2,Car,33.13,49.4,51,tz,cm,5.0,1.142,100.0
000016,3,Car,6.05,386.2,2051,tz,cm,5.0,6.917,87.713
000016,2,Car,33.13,49.4,51,tz,cm,10.0,2.283,100.0
000016,3,Car,6.05,386.2,2051,tz,cm,10.0,13.832,89.712
000019,1,Car,9.72,202.1,1236,roll,deg,-3.0,12.754,91.424
000019,2,Van,35.34,44.3,106,roll,deg,-3.0,2.85,100.0
000019,1,Car,9.72,202.1,1236,roll,deg,-2.0,8.504,95.065
000019,2,Van,35.34,44.3,106,roll,deg,-2.0,1.9,100.0
000019,1,Car,9.72,202.1,1236,roll,deg,-1.0,4.252,98.22
000019,2,Van,35.34,44.3,106,roll,deg,-1.0,0.95,100.0
000019,1,Car,9.72,202.1,1236,roll,deg,-0.5,2.126,99.676
000019,2,Van,35.34,44.3,106,roll,deg,-0.5,0.475,100.0
000019,1,Car,9.72,202.1,1236,roll,deg,0.0,0.0,100.0
000019,2,Van,35.34,44.3,106,roll,deg,0.0,0.0,100.0
000019,1,Car,9.72,202.1,1236,roll,deg,0.5,2.126,99.515
000019,2,Van,35.34,44.3,106,roll,deg,0.5,0.475,100.0
000019,1,Car,9.72,202.1,1236,roll,deg,1.0,4.252,99.515
000019,2,Van,35.34,44.3,106,roll,deg,1.0,0.95,100.0
000019,1,Car,9.72,202.1,1236,roll,deg,2.0,8.505,97.573
000019,2,Van,35.34,44.3,106,roll,deg,2.0,1.9,100.0
000019,1,Car,9.72,202.1,1236,roll,deg,3.0,12.756,95.065
000019,2,Van,35.34,44.3,106,roll,deg,3.0,2.85,96.226
000019,1,Car,9.72,202.1,1236,pitch,deg,-3.0,39.392,79.935
000019,2,Van,35.34,44.3,106,pitch,deg,-3.0,38.102,8.491
000019,1,Car,9.72,202.1,1236,pitch,deg,-2.0,26.305,85.032
000019,2,Van,35.34,44.3,106,pitch,deg,-2.0,25.404,55.66
000019,1,Car,9.72,202.1,1236,pitch,deg,-1.0,13.177,91.181
000019,2,Van,35.34,44.3,106,pitch,deg,-1.0,12.706,93.396
000019,1,Car,9.72,202.1,1236,pitch,deg,-0.5,6.595,95.793
000019,2,Van,35.34,44.3,106,pitch,deg,-0.5,6.354,96.226
000019,1,Car,9.72,202.1,1236,pitch,deg,0.0,0.0,100.0
000019,2,Van,35.34,44.3,106,pitch,deg,0.0,0.0,100.0
000019,1,Car,9.72,202.1,1236,pitch,deg,0.5,6.61,98.948
000019,2,Van,35.34,44.3,106,pitch,deg,0.5,6.358,91.509
000019,1,Car,9.72,202.1,1236,pitch,deg,1.0,13.235,95.55
000019,2,Van,35.34,44.3,106,pitch,deg,1.0,12.721,61.321
000019,1,Car,9.72,202.1,1236,pitch,deg,2.0,26.537,85.761
000019,2,Van,35.34,44.3,106,pitch,deg,2.0,25.465,11.321
000019,1,Car,9.72,202.1,1236,pitch,deg,3.0,39.915,78.479
000019,2,Van,35.34,44.3,106,pitch,deg,3.0,38.241,0.0
000019,1,Car,9.72,202.1,1236,yaw,deg,-3.0,43.842,84.385
000019,2,Van,35.34,44.3,106,yaw,deg,-3.0,38.475,6.604
000019,1,Car,9.72,202.1,1236,yaw,deg,-2.0,29.043,92.638
000019,2,Van,35.34,44.3,106,yaw,deg,-2.0,25.605,43.396
000019,1,Car,9.72,202.1,1236,yaw,deg,-1.0,14.433,99.191
000019,2,Van,35.34,44.3,106,yaw,deg,-1.0,12.782,73.585
000019,1,Car,9.72,202.1,1236,yaw,deg,-0.5,7.195,100.0
000019,2,Van,35.34,44.3,106,yaw,deg,-0.5,6.387,86.792
000019,1,Car,9.72,202.1,1236,yaw,deg,0.0,0.0,100.0
000019,2,Van,35.34,44.3,106,yaw,deg,0.0,0.0,100.0
000019,1,Car,9.72,202.1,1236,yaw,deg,0.5,7.154,100.0
000019,2,Van,35.34,44.3,106,yaw,deg,0.5,6.379,93.396
000019,1,Car,9.72,202.1,1236,yaw,deg,1.0,14.269,99.191
000019,2,Van,35.34,44.3,106,yaw,deg,1.0,12.751,73.585
000019,1,Car,9.72,202.1,1236,yaw,deg,2.0,28.386,94.013
000019,2,Van,35.34,44.3,106,yaw,deg,2.0,25.478,39.623
000019,1,Car,9.72,202.1,1236,yaw,deg,3.0,42.362,88.835
000019,2,Van,35.34,44.3,106,yaw,deg,3.0,38.189,12.264
000019,1,Car,9.72,202.1,1236,tx,cm,-10.0,2.952,99.515
000019,2,Van,35.34,44.3,106,tx,cm,-10.0,0.165,100.0
000019,1,Car,9.72,202.1,1236,tx,cm,-5.0,1.467,100.0
000019,2,Van,35.34,44.3,106,tx,cm,-5.0,0.083,100.0
000019,1,Car,9.72,202.1,1236,tx,cm,-2.0,0.585,100.0
000019,2,Van,35.34,44.3,106,tx,cm,-2.0,0.033,100.0
000019,1,Car,9.72,202.1,1236,tx,cm,0.0,0.0,100.0
000019,2,Van,35.34,44.3,106,tx,cm,0.0,0.0,100.0
000019,1,Car,9.72,202.1,1236,tx,cm,2.0,0.582,100.0
000019,2,Van,35.34,44.3,106,tx,cm,2.0,0.033,100.0
000019,1,Car,9.72,202.1,1236,tx,cm,5.0,1.45,100.0
000019,2,Van,35.34,44.3,106,tx,cm,5.0,0.082,100.0
000019,1,Car,9.72,202.1,1236,tx,cm,10.0,2.882,100.0
000019,2,Van,35.34,44.3,106,tx,cm,10.0,0.164,100.0
000019,1,Car,9.72,202.1,1236,ty,cm,-10.0,8.473,100.0
000019,2,Van,35.34,44.3,106,ty,cm,-10.0,2.161,100.0
000019,1,Car,9.72,202.1,1236,ty,cm,-5.0,4.236,100.0
000019,2,Van,35.34,44.3,106,ty,cm,-5.0,1.08,100.0
000019,1,Car,9.72,202.1,1236,ty,cm,-2.0,1.695,100.0
000019,2,Van,35.34,44.3,106,ty,cm,-2.0,0.432,100.0
000019,1,Car,9.72,202.1,1236,ty,cm,0.0,0.0,100.0
000019,2,Van,35.34,44.3,106,ty,cm,0.0,0.0,100.0
000019,1,Car,9.72,202.1,1236,ty,cm,2.0,1.695,100.0
000019,2,Van,35.34,44.3,106,ty,cm,2.0,0.432,100.0
000019,1,Car,9.72,202.1,1236,ty,cm,5.0,4.236,100.0
000019,2,Van,35.34,44.3,106,ty,cm,5.0,1.08,100.0
000019,1,Car,9.72,202.1,1236,ty,cm,10.0,8.473,100.0
000019,2,Van,35.34,44.3,106,ty,cm,10.0,2.161,100.0
000019,1,Car,9.72,202.1,1236,tz,cm,-10.0,8.483,97.492
000019,2,Van,35.34,44.3,106,tz,cm,-10.0,2.161,100.0
000019,1,Car,9.72,202.1,1236,tz,cm,-5.0,4.241,99.515
000019,2,Van,35.34,44.3,106,tz,cm,-5.0,1.081,100.0
000019,1,Car,9.72,202.1,1236,tz,cm,-2.0,1.696,99.515
000019,2,Van,35.34,44.3,106,tz,cm,-2.0,0.432,100.0
000019,1,Car,9.72,202.1,1236,tz,cm,0.0,0.0,100.0
000019,2,Van,35.34,44.3,106,tz,cm,0.0,0.0,100.0
000019,1,Car,9.72,202.1,1236,tz,cm,2.0,1.696,100.0
000019,2,Van,35.34,44.3,106,tz,cm,2.0,0.432,100.0
000019,1,Car,9.72,202.1,1236,tz,cm,5.0,4.241,98.22
000019,2,Van,35.34,44.3,106,tz,cm,5.0,1.081,100.0
000019,1,Car,9.72,202.1,1236,tz,cm,10.0,8.481,95.146
000019,2,Van,35.34,44.3,106,tz,cm,10.0,2.161,100.0
000021,1,Car,13.3,156.9,850,roll,deg,-3.0,9.352,91.882
000021,2,Car,17.6,115.1,238,roll,deg,-3.0,5.119,93.697
000021,3,Van,21.3,230.5,964,roll,deg,-3.0,19.248,99.689
000021,4,Car,25.97,66.0,176,roll,deg,-3.0,7.881,90.909
000021,5,Car,26.83,61.8,113,roll,deg,-3.0,2.423,100.0
000021,1,Car,13.3,156.9,850,roll,deg,-2.0,6.235,94.824
000021,2,Car,17.6,115.1,238,roll,deg,-2.0,3.413,95.798
000021,3,Van,21.3,230.5,964,roll,deg,-2.0,12.833,100.0
000021,4,Car,25.97,66.0,176,roll,deg,-2.0,5.255,97.727
000021,5,Car,26.83,61.8,113,roll,deg,-2.0,1.615,100.0
000021,1,Car,13.3,156.9,850,roll,deg,-1.0,3.118,97.294
000021,2,Car,17.6,115.1,238,roll,deg,-1.0,1.706,95.798
000021,3,Van,21.3,230.5,964,roll,deg,-1.0,6.417,100.0
000021,4,Car,25.97,66.0,176,roll,deg,-1.0,2.628,98.864
000021,5,Car,26.83,61.8,113,roll,deg,-1.0,0.808,100.0
000021,1,Car,13.3,156.9,850,roll,deg,-0.5,1.559,98.353
000021,2,Car,17.6,115.1,238,roll,deg,-0.5,0.853,97.899
000021,3,Van,21.3,230.5,964,roll,deg,-0.5,3.209,100.0
000021,4,Car,25.97,66.0,176,roll,deg,-0.5,1.314,98.864
000021,5,Car,26.83,61.8,113,roll,deg,-0.5,0.404,100.0
000021,1,Car,13.3,156.9,850,roll,deg,0.0,0.0,100.0
000021,2,Car,17.6,115.1,238,roll,deg,0.0,0.0,100.0
000021,3,Van,21.3,230.5,964,roll,deg,0.0,0.0,100.0
000021,4,Car,25.97,66.0,176,roll,deg,0.0,0.0,100.0
000021,5,Car,26.83,61.8,113,roll,deg,0.0,0.0,100.0
000021,1,Car,13.3,156.9,850,roll,deg,0.5,1.559,100.0
000021,2,Car,17.6,115.1,238,roll,deg,0.5,0.853,100.0
000021,3,Van,21.3,230.5,964,roll,deg,0.5,3.209,99.17
000021,4,Car,25.97,66.0,176,roll,deg,0.5,1.314,100.0
000021,5,Car,26.83,61.8,113,roll,deg,0.5,0.404,100.0
000021,1,Car,13.3,156.9,850,roll,deg,1.0,3.117,100.0
000021,2,Car,17.6,115.1,238,roll,deg,1.0,1.706,100.0
000021,3,Van,21.3,230.5,964,roll,deg,1.0,6.418,96.473
000021,4,Car,25.97,66.0,176,roll,deg,1.0,2.628,88.068
000021,5,Car,26.83,61.8,113,roll,deg,1.0,0.808,100.0
000021,1,Car,13.3,156.9,850,roll,deg,2.0,6.234,97.176
000021,2,Car,17.6,115.1,238,roll,deg,2.0,3.412,96.639
000021,3,Van,21.3,230.5,964,roll,deg,2.0,12.836,88.485
000021,4,Car,25.97,66.0,176,roll,deg,2.0,5.255,88.068
000021,5,Car,26.83,61.8,113,roll,deg,2.0,1.615,100.0
000021,1,Car,13.3,156.9,850,roll,deg,3.0,9.351,94.353
000021,2,Car,17.6,115.1,238,roll,deg,3.0,5.118,90.756
000021,3,Van,21.3,230.5,964,roll,deg,3.0,19.253,80.705
000021,4,Car,25.97,66.0,176,roll,deg,3.0,7.882,78.409
000021,5,Car,26.83,61.8,113,roll,deg,3.0,2.423,100.0
000021,1,Car,13.3,156.9,850,pitch,deg,-3.0,38.74,66.824
000021,2,Car,17.6,115.1,238,pitch,deg,-3.0,38.427,43.277
000021,3,Van,21.3,230.5,964,pitch,deg,-3.0,38.332,81.95
000021,4,Car,25.97,66.0,176,pitch,deg,-3.0,38.215,11.932
000021,5,Car,26.83,61.8,113,pitch,deg,-3.0,38.195,36.283
000021,1,Car,13.3,156.9,850,pitch,deg,-2.0,25.849,82.824
000021,2,Car,17.6,115.1,238,pitch,deg,-2.0,25.623,55.882
000021,3,Van,21.3,230.5,964,pitch,deg,-2.0,25.545,94.813
000021,4,Car,25.97,66.0,176,pitch,deg,-2.0,25.48,51.705
000021,5,Car,26.83,61.8,113,pitch,deg,-2.0,25.466,79.646
000021,1,Car,13.3,156.9,850,pitch,deg,-1.0,12.939,90.706
000021,2,Car,17.6,115.1,238,pitch,deg,-1.0,12.816,76.891
000021,3,Van,21.3,230.5,964,pitch,deg,-1.0,12.77,100.0
000021,4,Car,25.97,66.0,176,pitch,deg,-1.0,12.745,86.364
000021,5,Car,26.83,61.8,113,pitch,deg,-1.0,12.737,89.381
000021,1,Car,13.3,156.9,850,pitch,deg,-0.5,6.473,97.176
000021,2,Car,17.6,115.1,238,pitch,deg,-0.5,6.41,90.756
000021,3,Van,21.3,230.5,964,pitch,deg,-0.5,6.385,100.0
000021,4,Car,25.97,66.0,176,pitch,deg,-0.5,6.374,90.909
000021,5,Car,26.83,61.8,113,pitch,deg,-0.5,6.37,89.381
000021,1,Car,13.3,156.9,850,pitch,deg,0.0,0.0,100.0
000021,2,Car,17.6,115.1,238,pitch,deg,0.0,0.0,100.0
000021,3,Van,21.3,230.5,964,pitch,deg,0.0,0.0,100.0
000021,4,Car,25.97,66.0,176,pitch,deg,0.0,0.0,100.0
000021,5,Car,26.83,61.8,113,pitch,deg,0.0,0.0,100.0
000021,1,Car,13.3,156.9,850,pitch,deg,0.5,6.482,95.176
000021,2,Car,17.6,115.1,238,pitch,deg,0.5,6.414,91.176
000021,3,Van,21.3,230.5,964,pitch,deg,0.5,6.386,95.228
000021,4,Car,25.97,66.0,176,pitch,deg,0.5,6.378,84.091
000021,5,Car,26.83,61.8,113,pitch,deg,0.5,6.374,97.345
000021,1,Car,13.3,156.9,850,pitch,deg,1.0,12.975,87.059
000021,2,Car,17.6,115.1,238,pitch,deg,1.0,12.834,86.975
000021,3,Van,21.3,230.5,964,pitch,deg,1.0,12.775,89.004
000021,4,Car,25.97,66.0,176,pitch,deg,1.0,12.761,62.5
000021,5,Car,26.83,61.8,113,pitch,deg,1.0,12.752,63.717
000021,1,Car,13.3,156.9,850,pitch,deg,2.0,25.995,73.294
000021,2,Car,17.6,115.1,238,pitch,deg,2.0,25.695,72.269
000021,3,Van,21.3,230.5,964,pitch,deg,2.0,25.564,73.651
000021,4,Car,25.97,66.0,176,pitch,deg,2.0,25.548,23.295
000021,5,Car,26.83,61.8,113,pitch,deg,2.0,25.528,20.354
000021,1,Car,13.3,156.9,850,pitch,deg,3.0,39.068,56.706
000021,2,Car,17.6,115.1,238,pitch,deg,3.0,38.59,57.563
000021,3,Van,21.3,230.5,964,pitch,deg,3.0,38.375,52.386
000021,4,Car,25.97,66.0,176,pitch,deg,3.0,38.367,7.955
000021,5,Car,26.83,61.8,113,pitch,deg,3.0,38.335,10.619
000021,1,Car,13.3,156.9,850,yaw,deg,-3.0,40.318,78.941
000021,2,Car,17.6,115.1,238,yaw,deg,-3.0,38.769,49.58
000021,3,Van,21.3,230.5,964,yaw,deg,-3.0,49.74,85.477
000021,4,Car,25.97,66.0,176,yaw,deg,-3.0,40.329,30.114
000021,5,Car,26.83,61.8,113,yaw,deg,-3.0,38.235,15.044
000021,1,Car,13.3,156.9,850,yaw,deg,-2.0,26.975,88.118
000021,2,Car,17.6,115.1,238,yaw,deg,-2.0,25.889,73.95
000021,3,Van,21.3,230.5,964,yaw,deg,-2.0,32.837,91.701
000021,4,Car,25.97,66.0,176,yaw,deg,-2.0,26.773,55.682
000021,5,Car,26.83,61.8,113,yaw,deg,-2.0,25.501,49.558
000021,1,Car,13.3,156.9,850,yaw,deg,-1.0,13.539,96.588
000021,2,Car,17.6,115.1,238,yaw,deg,-1.0,12.969,92.017
000021,3,Van,21.3,230.5,964,yaw,deg,-1.0,16.264,97.407
000021,4,Car,25.97,66.0,176,yaw,deg,-1.0,13.333,81.818
000021,5,Car,26.83,61.8,113,yaw,deg,-1.0,12.759,81.416
000021,1,Car,13.3,156.9,850,yaw,deg,-0.5,6.783,99.765
000021,2,Car,17.6,115.1,238,yaw,deg,-0.5,6.491,100.0
000021,3,Van,21.3,230.5,964,yaw,deg,-0.5,8.094,99.481
000021,4,Car,25.97,66.0,176,yaw,deg,-0.5,6.654,94.318
000021,5,Car,26.83,61.8,113,yaw,deg,-0.5,6.382,92.035
000021,1,Car,13.3,156.9,850,yaw,deg,0.0,0.0,100.0
000021,2,Car,17.6,115.1,238,yaw,deg,0.0,0.0,100.0
000021,3,Van,21.3,230.5,964,yaw,deg,0.0,0.0,100.0
000021,4,Car,25.97,66.0,176,yaw,deg,0.0,0.0,100.0
000021,5,Car,26.83,61.8,113,yaw,deg,0.0,0.0,100.0
000021,1,Car,13.3,156.9,850,yaw,deg,0.5,6.811,100.0
000021,2,Car,17.6,115.1,238,yaw,deg,0.5,6.505,100.0
000021,3,Van,21.3,230.5,964,yaw,deg,0.5,8.021,99.896
000021,4,Car,25.97,66.0,176,yaw,deg,0.5,6.63,99.432
000021,5,Car,26.83,61.8,113,yaw,deg,0.5,6.388,100.0
000021,1,Car,13.3,156.9,850,yaw,deg,1.0,13.652,99.412
000021,2,Car,17.6,115.1,238,yaw,deg,1.0,13.026,100.0
000021,3,Van,21.3,230.5,964,yaw,deg,1.0,15.972,95.747
000021,4,Car,25.97,66.0,176,yaw,deg,1.0,13.237,91.477
000021,5,Car,26.83,61.8,113,yaw,deg,1.0,12.783,100.0
000021,1,Car,13.3,156.9,850,yaw,deg,2.0,27.426,92.824
000021,2,Car,17.6,115.1,238,yaw,deg,2.0,26.118,99.16
000021,3,Van,21.3,230.5,964,yaw,deg,2.0,31.671,93.776
000021,4,Car,25.97,66.0,176,yaw,deg,2.0,26.386,69.318
000021,5,Car,26.83,61.8,113,yaw,deg,2.0,25.599,77.876
000021,1,Car,13.3,156.9,850,yaw,deg,3.0,41.334,84.353
000021,2,Car,17.6,115.1,238,yaw,deg,3.0,39.284,95.378
000021,3,Van,21.3,230.5,964,yaw,deg,3.0,47.113,85.996
000021,4,Car,25.97,66.0,176,yaw,deg,3.0,39.456,43.75
000021,5,Car,26.83,61.8,113,yaw,deg,3.0,38.456,45.133
000021,1,Car,13.3,156.9,850,tx,cm,-10.0,1.425,99.647
000021,2,Car,17.6,115.1,238,tx,cm,-10.0,0.55,100.0
000021,3,Van,21.3,230.5,964,tx,cm,-10.0,1.809,100.0
000021,4,Car,25.97,66.0,176,tx,cm,-10.0,0.62,100.0
000021,5,Car,26.83,61.8,113,tx,cm,-10.0,0.172,100.0
000021,1,Car,13.3,156.9,850,tx,cm,-5.0,0.71,100.0
000021,2,Car,17.6,115.1,238,tx,cm,-5.0,0.274,100.0
000021,3,Van,21.3,230.5,964,tx,cm,-5.0,0.902,100.0
000021,4,Car,25.97,66.0,176,tx,cm,-5.0,0.309,100.0
000021,5,Car,26.83,61.8,113,tx,cm,-5.0,0.086,100.0
000021,1,Car,13.3,156.9,850,tx,cm,-2.0,0.283,100.0
000021,2,Car,17.6,115.1,238,tx,cm,-2.0,0.11,100.0
000021,3,Van,21.3,230.5,964,tx,cm,-2.0,0.36,100.0
000021,4,Car,25.97,66.0,176,tx,cm,-2.0,0.124,100.0
000021,5,Car,26.83,61.8,113,tx,cm,-2.0,0.034,100.0
000021,1,Car,13.3,156.9,850,tx,cm,0.0,0.0,100.0
000021,2,Car,17.6,115.1,238,tx,cm,0.0,0.0,100.0
000021,3,Van,21.3,230.5,964,tx,cm,0.0,0.0,100.0
000021,4,Car,25.97,66.0,176,tx,cm,0.0,0.0,100.0
000021,5,Car,26.83,61.8,113,tx,cm,0.0,0.0,100.0
000021,1,Car,13.3,156.9,850,tx,cm,2.0,0.282,100.0
000021,2,Car,17.6,115.1,238,tx,cm,2.0,0.109,100.0
000021,3,Van,21.3,230.5,964,tx,cm,2.0,0.36,100.0
000021,4,Car,25.97,66.0,176,tx,cm,2.0,0.123,100.0
000021,5,Car,26.83,61.8,113,tx,cm,2.0,0.034,100.0
000021,1,Car,13.3,156.9,850,tx,cm,5.0,0.704,100.0
000021,2,Car,17.6,115.1,238,tx,cm,5.0,0.273,100.0
000021,3,Van,21.3,230.5,964,tx,cm,5.0,0.898,100.0
000021,4,Car,25.97,66.0,176,tx,cm,5.0,0.308,100.0
000021,5,Car,26.83,61.8,113,tx,cm,5.0,0.086,100.0
000021,1,Car,13.3,156.9,850,tx,cm,10.0,1.402,100.0
000021,2,Car,17.6,115.1,238,tx,cm,10.0,0.544,100.0
000021,3,Van,21.3,230.5,964,tx,cm,10.0,1.791,100.0
000021,4,Car,25.97,66.0,176,tx,cm,10.0,0.615,100.0
000021,5,Car,26.83,61.8,113,tx,cm,10.0,0.171,100.0
000021,1,Car,13.3,156.9,850,ty,cm,-10.0,5.788,99.882
000021,2,Car,17.6,115.1,238,ty,cm,-10.0,4.144,100.0
000021,3,Van,21.3,230.5,964,ty,cm,-10.0,3.51,100.0
000021,4,Car,25.97,66.0,176,ty,cm,-10.0,2.929,99.432
000021,5,Car,26.83,61.8,113,ty,cm,-10.0,2.796,97.345
000021,1,Car,13.3,156.9,850,ty,cm,-5.0,2.894,100.0
000021,2,Car,17.6,115.1,238,ty,cm,-5.0,2.072,100.0
000021,3,Van,21.3,230.5,964,ty,cm,-5.0,1.755,100.0
000021,4,Car,25.97,66.0,176,ty,cm,-5.0,1.464,100.0
000021,5,Car,26.83,61.8,113,ty,cm,-5.0,1.398,100.0
000021,1,Car,13.3,156.9,850,ty,cm,-2.0,1.158,100.0
000021,2,Car,17.6,115.1,238,ty,cm,-2.0,0.829,100.0
000021,3,Van,21.3,230.5,964,ty,cm,-2.0,0.702,100.0
000021,4,Car,25.97,66.0,176,ty,cm,-2.0,0.586,100.0
000021,5,Car,26.83,61.8,113,ty,cm,-2.0,0.559,100.0
000021,1,Car,13.3,156.9,850,ty,cm,0.0,0.0,100.0
000021,2,Car,17.6,115.1,238,ty,cm,0.0,0.0,100.0
000021,3,Van,21.3,230.5,964,ty,cm,0.0,0.0,100.0
000021,4,Car,25.97,66.0,176,ty,cm,0.0,0.0,100.0
000021,5,Car,26.83,61.8,113,ty,cm,0.0,0.0,100.0
000021,1,Car,13.3,156.9,850,ty,cm,2.0,1.158,100.0
000021,2,Car,17.6,115.1,238,ty,cm,2.0,0.829,100.0
000021,3,Van,21.3,230.5,964,ty,cm,2.0,0.702,100.0
000021,4,Car,25.97,66.0,176,ty,cm,2.0,0.586,100.0
000021,5,Car,26.83,61.8,113,ty,cm,2.0,0.559,100.0
000021,1,Car,13.3,156.9,850,ty,cm,5.0,2.894,100.0
000021,2,Car,17.6,115.1,238,ty,cm,5.0,2.072,100.0
000021,3,Van,21.3,230.5,964,ty,cm,5.0,1.755,100.0
000021,4,Car,25.97,66.0,176,ty,cm,5.0,1.464,100.0
000021,5,Car,26.83,61.8,113,ty,cm,5.0,1.398,100.0
000021,1,Car,13.3,156.9,850,ty,cm,10.0,5.788,100.0
000021,2,Car,17.6,115.1,238,ty,cm,10.0,4.144,100.0
000021,3,Van,21.3,230.5,964,ty,cm,10.0,3.51,100.0
000021,4,Car,25.97,66.0,176,ty,cm,10.0,2.929,100.0
000021,5,Car,26.83,61.8,113,ty,cm,10.0,2.796,100.0
000021,1,Car,13.3,156.9,850,tz,cm,-10.0,5.793,95.882
000021,2,Car,17.6,115.1,238,tz,cm,-10.0,4.146,95.798
000021,3,Van,21.3,230.5,964,tz,cm,-10.0,3.51,99.17
000021,4,Car,25.97,66.0,176,tz,cm,-10.0,2.93,88.068
000021,5,Car,26.83,61.8,113,tz,cm,-10.0,2.797,97.345
000021,1,Car,13.3,156.9,850,tz,cm,-5.0,2.896,97.294
000021,2,Car,17.6,115.1,238,tz,cm,-5.0,2.073,95.798
000021,3,Van,21.3,230.5,964,tz,cm,-5.0,1.755,99.17
000021,4,Car,25.97,66.0,176,tz,cm,-5.0,1.465,100.0
000021,5,Car,26.83,61.8,113,tz,cm,-5.0,1.398,100.0
000021,1,Car,13.3,156.9,850,tz,cm,-2.0,1.158,98.941
000021,2,Car,17.6,115.1,238,tz,cm,-2.0,0.829,96.639
000021,3,Van,21.3,230.5,964,tz,cm,-2.0,0.702,100.0
000021,4,Car,25.97,66.0,176,tz,cm,-2.0,0.586,100.0
000021,5,Car,26.83,61.8,113,tz,cm,-2.0,0.559,100.0
000021,1,Car,13.3,156.9,850,tz,cm,0.0,0.0,100.0
000021,2,Car,17.6,115.1,238,tz,cm,0.0,0.0,100.0
000021,3,Van,21.3,230.5,964,tz,cm,0.0,0.0,100.0
000021,4,Car,25.97,66.0,176,tz,cm,0.0,0.0,100.0
000021,5,Car,26.83,61.8,113,tz,cm,0.0,0.0,100.0
000021,1,Car,13.3,156.9,850,tz,cm,2.0,1.158,100.0
000021,2,Car,17.6,115.1,238,tz,cm,2.0,0.829,100.0
000021,3,Van,21.3,230.5,964,tz,cm,2.0,0.702,100.0
000021,4,Car,25.97,66.0,176,tz,cm,2.0,0.586,100.0
000021,5,Car,26.83,61.8,113,tz,cm,2.0,0.559,100.0
000021,1,Car,13.3,156.9,850,tz,cm,5.0,2.896,100.0
000021,2,Car,17.6,115.1,238,tz,cm,5.0,2.073,100.0
000021,3,Van,21.3,230.5,964,tz,cm,5.0,1.755,100.0
000021,4,Car,25.97,66.0,176,tz,cm,5.0,1.465,98.864
000021,5,Car,26.83,61.8,113,tz,cm,5.0,1.398,100.0
000021,1,Car,13.3,156.9,850,tz,cm,10.0,5.792,97.176
000021,2,Car,17.6,115.1,238,tz,cm,10.0,4.145,91.597
000021,3,Van,21.3,230.5,964,tz,cm,10.0,3.509,100.0
000021,4,Car,25.97,66.0,176,tz,cm,10.0,2.929,98.864
000021,5,Car,26.83,61.8,113,tz,cm,10.0,2.797,100.0
000023,0,Truck,69.29,30.4,74,roll,deg,-3.0,0.656,100.0
000023,0,Truck,69.29,30.4,74,roll,deg,-2.0,0.437,100.0
000023,0,Truck,69.29,30.4,74,roll,deg,-1.0,0.219,100.0
000023,0,Truck,69.29,30.4,74,roll,deg,-0.5,0.109,100.0
000023,0,Truck,69.29,30.4,74,roll,deg,0.0,0.0,100.0
000023,0,Truck,69.29,30.4,74,roll,deg,0.5,0.109,100.0
000023,0,Truck,69.29,30.4,74,roll,deg,1.0,0.219,100.0
000023,0,Truck,69.29,30.4,74,roll,deg,2.0,0.437,100.0
000023,0,Truck,69.29,30.4,74,roll,deg,3.0,0.656,100.0
000023,0,Truck,69.29,30.4,74,pitch,deg,-3.0,37.979,0.0
000023,0,Truck,69.29,30.4,74,pitch,deg,-2.0,25.306,17.568
000023,0,Truck,69.29,30.4,74,pitch,deg,-1.0,12.649,68.919
000023,0,Truck,69.29,30.4,74,pitch,deg,-0.5,6.324,86.486
000023,0,Truck,69.29,30.4,74,pitch,deg,0.0,0.0,100.0
000023,0,Truck,69.29,30.4,74,pitch,deg,0.5,6.324,93.243
000023,0,Truck,69.29,30.4,74,pitch,deg,1.0,12.65,66.216
000023,0,Truck,69.29,30.4,74,pitch,deg,2.0,25.307,13.514
000023,0,Truck,69.29,30.4,74,pitch,deg,3.0,37.981,0.0
000023,0,Truck,69.29,30.4,74,yaw,deg,-3.0,37.992,0.0
000023,0,Truck,69.29,30.4,74,yaw,deg,-2.0,25.312,17.568
000023,0,Truck,69.29,30.4,74,yaw,deg,-1.0,12.651,58.108
000023,0,Truck,69.29,30.4,74,yaw,deg,-0.5,6.325,82.432
000023,0,Truck,69.29,30.4,74,yaw,deg,0.0,0.0,100.0
000023,0,Truck,69.29,30.4,74,yaw,deg,0.5,6.324,82.432
000023,0,Truck,69.29,30.4,74,yaw,deg,1.0,12.648,58.108
000023,0,Truck,69.29,30.4,74,yaw,deg,2.0,25.302,13.514
000023,0,Truck,69.29,30.4,74,yaw,deg,3.0,37.968,0.0
000023,0,Truck,69.29,30.4,74,tx,cm,-10.0,0.021,100.0
000023,0,Truck,69.29,30.4,74,tx,cm,-5.0,0.01,100.0
000023,0,Truck,69.29,30.4,74,tx,cm,-2.0,0.004,100.0
000023,0,Truck,69.29,30.4,74,tx,cm,0.0,0.0,100.0
000023,0,Truck,69.29,30.4,74,tx,cm,2.0,0.004,100.0
000023,0,Truck,69.29,30.4,74,tx,cm,5.0,0.01,100.0
000023,0,Truck,69.29,30.4,74,tx,cm,10.0,0.021,100.0
000023,0,Truck,69.29,30.4,74,ty,cm,-10.0,1.139,100.0
000023,0,Truck,69.29,30.4,74,ty,cm,-5.0,0.569,100.0
000023,0,Truck,69.29,30.4,74,ty,cm,-2.0,0.228,100.0
000023,0,Truck,69.29,30.4,74,ty,cm,0.0,0.0,100.0
000023,0,Truck,69.29,30.4,74,ty,cm,2.0,0.228,100.0
000023,0,Truck,69.29,30.4,74,ty,cm,5.0,0.569,100.0
000023,0,Truck,69.29,30.4,74,ty,cm,10.0,1.139,97.297
000023,0,Truck,69.29,30.4,74,tz,cm,-10.0,1.139,100.0
000023,0,Truck,69.29,30.4,74,tz,cm,-5.0,0.569,100.0
000023,0,Truck,69.29,30.4,74,tz,cm,-2.0,0.228,100.0
000023,0,Truck,69.29,30.4,74,tz,cm,0.0,0.0,100.0
000023,0,Truck,69.29,30.4,74,tz,cm,2.0,0.228,100.0
000023,0,Truck,69.29,30.4,74,tz,cm,5.0,0.569,100.0
000023,0,Truck,69.29,30.4,74,tz,cm,10.0,1.138,100.0
000025,1,Car,10.42,185.9,1121,roll,deg,-3.0,9.721,99.376
000025,2,Car,30.18,56.0,61,roll,deg,-3.0,1.926,98.361
000025,3,Car,17.48,81.2,316,roll,deg,-3.0,8.35,96.519
000025,5,Car,22.3,59.2,27,roll,deg,-3.0,6.326,74.074
000025,1,Car,10.42,185.9,1121,roll,deg,-2.0,6.481,99.376
000025,2,Car,30.18,56.0,61,roll,deg,-2.0,1.284,100.0
000025,3,Car,17.48,81.2,316,roll,deg,-2.0,5.567,100.0
000025,5,Car,22.3,59.2,27,roll,deg,-2.0,4.218,74.074
000025,1,Car,10.42,185.9,1121,roll,deg,-1.0,3.24,99.376
000025,2,Car,30.18,56.0,61,roll,deg,-1.0,0.642,100.0
000025,3,Car,17.48,81.2,316,roll,deg,-1.0,2.784,100.0
000025,5,Car,22.3,59.2,27,roll,deg,-1.0,2.109,88.889
000025,1,Car,10.42,185.9,1121,roll,deg,-0.5,1.62,99.732
000025,2,Car,30.18,56.0,61,roll,deg,-0.5,0.321,100.0
000025,3,Car,17.48,81.2,316,roll,deg,-0.5,1.392,100.0
000025,5,Car,22.3,59.2,27,roll,deg,-0.5,1.055,100.0
000025,1,Car,10.42,185.9,1121,roll,deg,0.0,0.0,100.0
000025,2,Car,30.18,56.0,61,roll,deg,0.0,0.0,100.0
000025,3,Car,17.48,81.2,316,roll,deg,0.0,0.0,100.0
000025,5,Car,22.3,59.2,27,roll,deg,0.0,0.0,100.0
000025,1,Car,10.42,185.9,1121,roll,deg,0.5,1.62,100.0
000025,2,Car,30.18,56.0,61,roll,deg,0.5,0.321,100.0
000025,3,Car,17.48,81.2,316,roll,deg,0.5,1.392,100.0
000025,5,Car,22.3,59.2,27,roll,deg,0.5,1.055,100.0
000025,1,Car,10.42,185.9,1121,roll,deg,1.0,3.24,100.0
000025,2,Car,30.18,56.0,61,roll,deg,1.0,0.642,100.0
000025,3,Car,17.48,81.2,316,roll,deg,1.0,2.784,100.0
000025,5,Car,22.3,59.2,27,roll,deg,1.0,2.109,100.0
000025,1,Car,10.42,185.9,1121,roll,deg,2.0,6.48,99.911
000025,2,Car,30.18,56.0,61,roll,deg,2.0,1.284,100.0
000025,3,Car,17.48,81.2,316,roll,deg,2.0,5.568,98.101
000025,5,Car,22.3,59.2,27,roll,deg,2.0,4.218,100.0
000025,1,Car,10.42,185.9,1121,roll,deg,3.0,9.72,97.948
000025,2,Car,30.18,56.0,61,roll,deg,3.0,1.926,100.0
000025,3,Car,17.48,81.2,316,roll,deg,3.0,8.351,94.937
000025,5,Car,22.3,59.2,27,roll,deg,3.0,6.327,100.0
000025,1,Car,10.42,185.9,1121,pitch,deg,-3.0,39.149,79.215
000025,2,Car,30.18,56.0,61,pitch,deg,-3.0,38.158,11.475
000025,3,Car,17.48,81.2,316,pitch,deg,-3.0,38.492,59.494
000025,5,Car,22.3,59.2,27,pitch,deg,-3.0,38.303,7.407
000025,1,Car,10.42,185.9,1121,pitch,deg,-2.0,26.132,86.53
000025,2,Car,30.18,56.0,61,pitch,deg,-2.0,25.445,70.492
000025,3,Car,17.48,81.2,316,pitch,deg,-2.0,25.679,77.215
000025,5,Car,22.3,59.2,27,pitch,deg,-2.0,25.544,33.333
000025,1,Car,10.42,185.9,1121,pitch,deg,-1.0,13.086,93.756
000025,2,Car,30.18,56.0,61,pitch,deg,-1.0,12.728,96.721
000025,3,Car,17.48,81.2,316,pitch,deg,-1.0,12.851,90.19
000025,5,Car,22.3,59.2,27,pitch,deg,-1.0,12.779,59.259
000025,1,Car,10.42,185.9,1121,pitch,deg,-0.5,6.548,100.0
000025,2,Car,30.18,56.0,61,pitch,deg,-0.5,6.366,96.721
000025,3,Car,17.48,81.2,316,pitch,deg,-0.5,6.429,100.0
000025,5,Car,22.3,59.2,27,pitch,deg,-0.5,6.392,74.074
000025,1,Car,10.42,185.9,1121,pitch,deg,0.0,0.0,100.0
000025,2,Car,30.18,56.0,61,pitch,deg,0.0,0.0,100.0
000025,3,Car,17.48,81.2,316,pitch,deg,0.0,0.0,100.0
000025,5,Car,22.3,59.2,27,pitch,deg,0.0,0.0,100.0
000025,1,Car,10.42,185.9,1121,pitch,deg,0.5,6.56,99.376
000025,2,Car,30.18,56.0,61,pitch,deg,0.5,6.371,88.525
000025,3,Car,17.48,81.2,316,pitch,deg,0.5,6.437,96.203
000025,5,Car,22.3,59.2,27,pitch,deg,0.5,6.398,100.0
000025,1,Car,10.42,185.9,1121,pitch,deg,1.0,13.134,98.751
000025,2,Car,30.18,56.0,61,pitch,deg,1.0,12.747,54.098
000025,3,Car,17.48,81.2,316,pitch,deg,1.0,12.883,87.658
000025,5,Car,22.3,59.2,27,pitch,deg,1.0,12.802,85.185
000025,1,Car,10.42,185.9,1121,pitch,deg,2.0,26.324,95.272
000025,2,Car,30.18,56.0,61,pitch,deg,2.0,25.522,6.557
000025,3,Car,17.48,81.2,316,pitch,deg,2.0,25.806,57.911
000025,5,Car,22.3,59.2,27,pitch,deg,2.0,25.634,51.852
000025,1,Car,10.42,185.9,1121,pitch,deg,3.0,39.581,80.731
000025,2,Car,30.18,56.0,61,pitch,deg,3.0,38.331,0.0
000025,3,Car,17.48,81.2,316,pitch,deg,3.0,38.777,32.595
000025,5,Car,22.3,59.2,27,pitch,deg,3.0,38.506,33.333
000025,1,Car,10.42,185.9,1121,yaw,deg,-3.0,40.658,85.816
000025,2,Car,30.18,56.0,61,yaw,deg,-3.0,38.171,36.066
000025,3,Car,17.48,81.2,316,yaw,deg,-3.0,40.669,49.367
000025,5,Car,22.3,59.2,27,yaw,deg,-3.0,39.659,100.0
000025,1,Car,10.42,185.9,1121,yaw,deg,-2.0,27.203,92.061
000025,2,Car,30.18,56.0,61,yaw,deg,-2.0,25.45,72.131
000025,3,Car,17.48,81.2,316,yaw,deg,-2.0,26.996,71.203
000025,5,Car,22.3,59.2,27,yaw,deg,-2.0,26.349,100.0
000025,1,Car,10.42,185.9,1121,yaw,deg,-1.0,13.654,98.216
000025,2,Car,30.18,56.0,61,yaw,deg,-1.0,12.729,95.082
000025,3,Car,17.48,81.2,316,yaw,deg,-1.0,13.443,91.456
000025,5,Car,22.3,59.2,27,yaw,deg,-1.0,13.133,100.0
000025,1,Car,10.42,185.9,1121,yaw,deg,-0.5,6.84,99.822
000025,2,Car,30.18,56.0,61,yaw,deg,-0.5,6.366,98.361
000025,3,Car,17.48,81.2,316,yaw,deg,-0.5,6.708,98.734
000025,5,Car,22.3,59.2,27,yaw,deg,-0.5,6.556,100.0
000025,1,Car,10.42,185.9,1121,yaw,deg,0.0,0.0,100.0
000025,2,Car,30.18,56.0,61,yaw,deg,0.0,0.0,100.0
000025,3,Car,17.48,81.2,316,yaw,deg,0.0,0.0,100.0
000025,5,Car,22.3,59.2,27,yaw,deg,0.0,0.0,100.0
000025,1,Car,10.42,185.9,1121,yaw,deg,0.5,6.869,99.732
000025,2,Car,30.18,56.0,61,yaw,deg,0.5,6.37,91.803
000025,3,Car,17.48,81.2,316,yaw,deg,0.5,6.683,98.734
000025,5,Car,22.3,59.2,27,yaw,deg,0.5,6.538,51.852
000025,1,Car,10.42,185.9,1121,yaw,deg,1.0,13.768,97.681
000025,2,Car,30.18,56.0,61,yaw,deg,1.0,12.744,78.689
000025,3,Car,17.48,81.2,316,yaw,deg,1.0,13.342,92.722
000025,5,Car,22.3,59.2,27,yaw,deg,1.0,13.058,7.407
000025,1,Car,10.42,185.9,1121,yaw,deg,2.0,27.661,90.544
000025,2,Car,30.18,56.0,61,yaw,deg,2.0,25.511,40.984
000025,3,Car,17.48,81.2,316,yaw,deg,2.0,26.592,73.734
000025,5,Car,22.3,59.2,27,yaw,deg,2.0,26.049,0.0
000025,1,Car,10.42,185.9,1121,yaw,deg,3.0,41.689,82.872
000025,2,Car,30.18,56.0,61,yaw,deg,3.0,38.31,13.115
000025,3,Car,17.48,81.2,316,yaw,deg,3.0,39.76,52.215
000025,5,Car,22.3,59.2,27,yaw,deg,3.0,38.983,0.0
000025,1,Car,10.42,185.9,1121,tx,cm,-10.0,1.993,100.0
000025,2,Car,30.18,56.0,61,tx,cm,-10.0,0.121,100.0
000025,3,Car,17.48,81.2,316,tx,cm,-10.0,0.984,100.0
000025,5,Car,22.3,59.2,27,tx,cm,-10.0,0.579,100.0
000025,1,Car,10.42,185.9,1121,tx,cm,-5.0,0.991,100.0
000025,2,Car,30.18,56.0,61,tx,cm,-5.0,0.06,100.0
000025,3,Car,17.48,81.2,316,tx,cm,-5.0,0.491,100.0
000025,5,Car,22.3,59.2,27,tx,cm,-5.0,0.289,100.0
000025,1,Car,10.42,185.9,1121,tx,cm,-2.0,0.395,100.0
000025,2,Car,30.18,56.0,61,tx,cm,-2.0,0.024,100.0
000025,3,Car,17.48,81.2,316,tx,cm,-2.0,0.196,100.0
000025,5,Car,22.3,59.2,27,tx,cm,-2.0,0.115,100.0
000025,1,Car,10.42,185.9,1121,tx,cm,0.0,0.0,100.0
000025,2,Car,30.18,56.0,61,tx,cm,0.0,0.0,100.0
000025,3,Car,17.48,81.2,316,tx,cm,0.0,0.0,100.0
000025,5,Car,22.3,59.2,27,tx,cm,0.0,0.0,100.0
000025,1,Car,10.42,185.9,1121,tx,cm,2.0,0.393,100.0
000025,2,Car,30.18,56.0,61,tx,cm,2.0,0.024,100.0
000025,3,Car,17.48,81.2,316,tx,cm,2.0,0.195,100.0
000025,5,Car,22.3,59.2,27,tx,cm,2.0,0.115,100.0
000025,1,Car,10.42,185.9,1121,tx,cm,5.0,0.98,100.0
000025,2,Car,30.18,56.0,61,tx,cm,5.0,0.06,100.0
000025,3,Car,17.48,81.2,316,tx,cm,5.0,0.488,100.0
000025,5,Car,22.3,59.2,27,tx,cm,5.0,0.287,100.0
000025,1,Car,10.42,185.9,1121,tx,cm,10.0,1.949,100.0
000025,2,Car,30.18,56.0,61,tx,cm,10.0,0.12,100.0
000025,3,Car,17.48,81.2,316,tx,cm,10.0,0.972,100.0
000025,5,Car,22.3,59.2,27,tx,cm,10.0,0.574,100.0
000025,1,Car,10.42,185.9,1121,ty,cm,-10.0,7.833,100.0
000025,2,Car,30.18,56.0,61,ty,cm,-10.0,2.518,100.0
000025,3,Car,17.48,81.2,316,ty,cm,-10.0,4.376,100.0
000025,5,Car,22.3,59.2,27,ty,cm,-10.0,3.403,100.0
000025,1,Car,10.42,185.9,1121,ty,cm,-5.0,3.917,100.0
000025,2,Car,30.18,56.0,61,ty,cm,-5.0,1.259,100.0
000025,3,Car,17.48,81.2,316,ty,cm,-5.0,2.188,100.0
000025,5,Car,22.3,59.2,27,ty,cm,-5.0,1.701,100.0
000025,1,Car,10.42,185.9,1121,ty,cm,-2.0,1.567,100.0
000025,2,Car,30.18,56.0,61,ty,cm,-2.0,0.504,100.0
000025,3,Car,17.48,81.2,316,ty,cm,-2.0,0.875,100.0
000025,5,Car,22.3,59.2,27,ty,cm,-2.0,0.681,100.0
000025,1,Car,10.42,185.9,1121,ty,cm,0.0,0.0,100.0
000025,2,Car,30.18,56.0,61,ty,cm,0.0,0.0,100.0
000025,3,Car,17.48,81.2,316,ty,cm,0.0,0.0,100.0
000025,5,Car,22.3,59.2,27,ty,cm,0.0,0.0,100.0
000025,1,Car,10.42,185.9,1121,ty,cm,2.0,1.567,100.0
000025,2,Car,30.18,56.0,61,ty,cm,2.0,0.504,100.0
000025,3,Car,17.48,81.2,316,ty,cm,2.0,0.875,100.0
000025,5,Car,22.3,59.2,27,ty,cm,2.0,0.681,100.0
000025,1,Car,10.42,185.9,1121,ty,cm,5.0,3.917,99.911
000025,2,Car,30.18,56.0,61,ty,cm,5.0,1.259,100.0
000025,3,Car,17.48,81.2,316,ty,cm,5.0,2.188,100.0
000025,5,Car,22.3,59.2,27,ty,cm,5.0,1.701,100.0
000025,1,Car,10.42,185.9,1121,ty,cm,10.0,7.833,99.643
000025,2,Car,30.18,56.0,61,ty,cm,10.0,2.518,100.0
000025,3,Car,17.48,81.2,316,ty,cm,10.0,4.376,100.0
000025,5,Car,22.3,59.2,27,ty,cm,10.0,3.403,96.296
000025,1,Car,10.42,185.9,1121,tz,cm,-10.0,7.842,99.286
000025,2,Car,30.18,56.0,61,tz,cm,-10.0,2.519,91.803
000025,3,Car,17.48,81.2,316,tz,cm,-10.0,4.379,100.0
000025,5,Car,22.3,59.2,27,tz,cm,-10.0,3.404,100.0
000025,1,Car,10.42,185.9,1121,tz,cm,-5.0,3.921,99.376
000025,2,Car,30.18,56.0,61,tz,cm,-5.0,1.259,100.0
000025,3,Car,17.48,81.2,316,tz,cm,-5.0,2.189,100.0
000025,5,Car,22.3,59.2,27,tz,cm,-5.0,1.702,100.0
000025,1,Car,10.42,185.9,1121,tz,cm,-2.0,1.568,100.0
000025,2,Car,30.18,56.0,61,tz,cm,-2.0,0.504,100.0
000025,3,Car,17.48,81.2,316,tz,cm,-2.0,0.876,100.0
000025,5,Car,22.3,59.2,27,tz,cm,-2.0,0.681,100.0
000025,1,Car,10.42,185.9,1121,tz,cm,0.0,0.0,100.0
000025,2,Car,30.18,56.0,61,tz,cm,0.0,0.0,100.0
000025,3,Car,17.48,81.2,316,tz,cm,0.0,0.0,100.0
000025,5,Car,22.3,59.2,27,tz,cm,0.0,0.0,100.0
000025,1,Car,10.42,185.9,1121,tz,cm,2.0,1.568,100.0
000025,2,Car,30.18,56.0,61,tz,cm,2.0,0.504,100.0
000025,3,Car,17.48,81.2,316,tz,cm,2.0,0.876,100.0
000025,5,Car,22.3,59.2,27,tz,cm,2.0,0.681,100.0
000025,1,Car,10.42,185.9,1121,tz,cm,5.0,3.92,100.0
000025,2,Car,30.18,56.0,61,tz,cm,5.0,1.259,100.0
000025,3,Car,17.48,81.2,316,tz,cm,5.0,2.189,100.0
000025,5,Car,22.3,59.2,27,tz,cm,5.0,1.702,100.0
000025,1,Car,10.42,185.9,1121,tz,cm,10.0,7.84,100.0
000025,2,Car,30.18,56.0,61,tz,cm,10.0,2.519,100.0
000025,3,Car,17.48,81.2,316,tz,cm,10.0,4.379,100.0
000025,5,Car,22.3,59.2,27,tz,cm,10.0,3.404,74.074
000031,0,Car,12.2,155.7,1028,roll,deg,-3.0,11.052,97.665
000031,1,Car,8.46,243.0,1028,roll,deg,-3.0,16.823,90.661
000031,2,Car,13.14,136.8,517,roll,deg,-3.0,8.5,94.971
000031,4,Car,26.41,52.3,141,roll,deg,-3.0,4.155,95.035
000031,5,Van,51.9,28.4,32,roll,deg,-3.0,1.459,100.0
000031,0,Car,12.2,155.7,1028,roll,deg,-2.0,7.368,99.708
000031,1,Car,8.46,243.0,1028,roll,deg,-2.0,11.216,91.245
000031,2,Car,13.14,136.8,517,roll,deg,-2.0,5.667,99.613
000031,4,Car,26.41,52.3,141,roll,deg,-2.0,2.77,100.0
000031,5,Van,51.9,28.4,32,roll,deg,-2.0,0.972,100.0
000031,0,Car,12.2,155.7,1028,roll,deg,-1.0,3.684,100.0
000031,1,Car,8.46,243.0,1028,roll,deg,-1.0,5.609,96.206
000031,2,Car,13.14,136.8,517,roll,deg,-1.0,2.834,100.0
000031,4,Car,26.41,52.3,141,roll,deg,-1.0,1.385,100.0
000031,5,Van,51.9,28.4,32,roll,deg,-1.0,0.486,100.0
000031,0,Car,12.2,155.7,1028,roll,deg,-0.5,1.842,100.0
000031,1,Car,8.46,243.0,1028,roll,deg,-0.5,2.804,98.152
000031,2,Car,13.14,136.8,517,roll,deg,-0.5,1.417,100.0
000031,4,Car,26.41,52.3,141,roll,deg,-0.5,0.693,100.0
000031,5,Van,51.9,28.4,32,roll,deg,-0.5,0.243,100.0
000031,0,Car,12.2,155.7,1028,roll,deg,0.0,0.0,100.0
000031,1,Car,8.46,243.0,1028,roll,deg,0.0,0.0,100.0
000031,2,Car,13.14,136.8,517,roll,deg,0.0,0.0,100.0
000031,4,Car,26.41,52.3,141,roll,deg,0.0,0.0,100.0
000031,5,Van,51.9,28.4,32,roll,deg,0.0,0.0,100.0
000031,0,Car,12.2,155.7,1028,roll,deg,0.5,1.842,100.0
000031,1,Car,8.46,243.0,1028,roll,deg,0.5,2.805,99.514
000031,2,Car,13.14,136.8,517,roll,deg,0.5,1.417,100.0
000031,4,Car,26.41,52.3,141,roll,deg,0.5,0.693,100.0
000031,5,Van,51.9,28.4,32,roll,deg,0.5,0.243,100.0
000031,0,Car,12.2,155.7,1028,roll,deg,1.0,3.684,100.0
000031,1,Car,8.46,243.0,1028,roll,deg,1.0,5.609,98.444
000031,2,Car,13.14,136.8,517,roll,deg,1.0,2.834,100.0
000031,4,Car,26.41,52.3,141,roll,deg,1.0,1.385,100.0
000031,5,Van,51.9,28.4,32,roll,deg,1.0,0.486,100.0
000031,0,Car,12.2,155.7,1028,roll,deg,2.0,7.368,97.179
000031,1,Car,8.46,243.0,1028,roll,deg,2.0,11.218,97.179
000031,2,Car,13.14,136.8,517,roll,deg,2.0,5.667,99.807
000031,4,Car,26.41,52.3,141,roll,deg,2.0,2.77,100.0
000031,5,Van,51.9,28.4,32,roll,deg,2.0,0.972,100.0
000031,0,Car,12.2,155.7,1028,roll,deg,3.0,11.05,93.774
000031,1,Car,8.46,243.0,1028,roll,deg,3.0,16.827,94.65
000031,2,Car,13.14,136.8,517,roll,deg,3.0,8.501,98.453
000031,4,Car,26.41,52.3,141,roll,deg,3.0,4.155,99.291
000031,5,Van,51.9,28.4,32,roll,deg,3.0,1.459,100.0
000031,0,Car,12.2,155.7,1028,pitch,deg,-3.0,38.935,75.0
000031,1,Car,8.46,243.0,1028,pitch,deg,-3.0,39.806,86.673
000031,2,Car,13.14,136.8,517,pitch,deg,-3.0,38.775,60.928
000031,4,Car,26.41,52.3,141,pitch,deg,-3.0,38.217,11.348
000031,5,Van,51.9,28.4,32,pitch,deg,-3.0,37.995,0.0
000031,0,Car,12.2,155.7,1028,pitch,deg,-2.0,25.986,83.658
000031,1,Car,8.46,243.0,1028,pitch,deg,-2.0,26.593,89.397
000031,2,Car,13.14,136.8,517,pitch,deg,-2.0,25.873,78.723
000031,4,Car,26.41,52.3,141,pitch,deg,-2.0,25.485,47.518
000031,5,Van,51.9,28.4,32,pitch,deg,-2.0,25.328,3.125
000031,0,Car,12.2,155.7,1028,pitch,deg,-1.0,13.01,92.218
000031,1,Car,8.46,243.0,1028,pitch,deg,-1.0,13.328,91.051
000031,2,Car,13.14,136.8,517,pitch,deg,-1.0,12.951,87.234
000031,4,Car,26.41,52.3,141,pitch,deg,-1.0,12.749,84.397
000031,5,Van,51.9,28.4,32,pitch,deg,-1.0,12.665,84.375
000031,0,Car,12.2,155.7,1028,pitch,deg,-0.5,6.51,97.179
000031,1,Car,8.46,243.0,1028,pitch,deg,-0.5,6.672,94.066
000031,2,Car,13.14,136.8,517,pitch,deg,-0.5,6.48,100.0
000031,4,Car,26.41,52.3,141,pitch,deg,-0.5,6.376,95.035
000031,5,Van,51.9,28.4,32,pitch,deg,-0.5,6.333,96.875
000031,0,Car,12.2,155.7,1028,pitch,deg,0.0,0.0,100.0
000031,1,Car,8.46,243.0,1028,pitch,deg,0.0,0.0,100.0
000031,2,Car,13.14,136.8,517,pitch,deg,0.0,0.0,100.0
000031,4,Car,26.41,52.3,141,pitch,deg,0.0,0.0,100.0
000031,5,Van,51.9,28.4,32,pitch,deg,0.0,0.0,100.0
000031,0,Car,12.2,155.7,1028,pitch,deg,0.5,6.521,99.708
000031,1,Car,8.46,243.0,1028,pitch,deg,0.5,6.69,98.444
000031,2,Car,13.14,136.8,517,pitch,deg,0.5,6.489,98.839
000031,4,Car,26.41,52.3,141,pitch,deg,0.5,6.381,87.943
000031,5,Van,51.9,28.4,32,pitch,deg,0.5,6.336,71.875
000031,0,Car,12.2,155.7,1028,pitch,deg,1.0,13.054,97.471
000031,1,Car,8.46,243.0,1028,pitch,deg,1.0,13.4,95.817
000031,2,Car,13.14,136.8,517,pitch,deg,1.0,12.988,97.292
000031,4,Car,26.41,52.3,141,pitch,deg,1.0,12.769,71.631
000031,5,Van,51.9,28.4,32,pitch,deg,1.0,12.676,43.75
000031,0,Car,12.2,155.7,1028,pitch,deg,2.0,26.16,86.576
000031,1,Car,8.46,243.0,1028,pitch,deg,2.0,26.881,90.175
000031,2,Car,13.14,136.8,517,pitch,deg,2.0,26.022,85.106
000031,4,Car,26.41,52.3,141,pitch,deg,2.0,25.566,28.369
000031,5,Van,51.9,28.4,32,pitch,deg,2.0,25.37,3.125
000031,0,Car,12.2,155.7,1028,pitch,deg,3.0,39.328,72.082
000031,1,Car,8.46,243.0,1028,pitch,deg,3.0,40.455,78.307
000031,2,Car,13.14,136.8,517,pitch,deg,3.0,39.11,65.957
000031,4,Car,26.41,52.3,141,pitch,deg,3.0,38.399,4.965
000031,5,Van,51.9,28.4,32,pitch,deg,3.0,38.091,0.0
000031,0,Car,12.2,155.7,1028,yaw,deg,-3.0,41.148,78.891
000031,1,Car,8.46,243.0,1028,yaw,deg,-3.0,47.481,80.739
000031,2,Car,13.14,136.8,517,yaw,deg,-3.0,40.919,93.23
000031,4,Car,26.41,52.3,141,yaw,deg,-3.0,38.878,24.113
000031,5,Van,51.9,28.4,32,yaw,deg,-3.0,38.15,0.0
000031,0,Car,12.2,155.7,1028,yaw,deg,-2.0,27.551,89.202
000031,1,Car,8.46,243.0,1028,yaw,deg,-2.0,31.39,89.105
000031,2,Car,13.14,136.8,517,yaw,deg,-2.0,27.161,99.226
000031,4,Car,26.41,52.3,141,yaw,deg,-2.0,25.857,53.191
000031,5,Van,51.9,28.4,32,yaw,deg,-2.0,25.404,0.0
000031,0,Car,12.2,155.7,1028,yaw,deg,-1.0,13.838,96.498
000031,1,Car,8.46,243.0,1028,yaw,deg,-1.0,15.569,98.346
000031,2,Car,13.14,136.8,517,yaw,deg,-1.0,13.525,100.0
000031,4,Car,26.41,52.3,141,yaw,deg,-1.0,12.901,80.142
000031,5,Van,51.9,28.4,32,yaw,deg,-1.0,12.69,53.125
000031,0,Car,12.2,155.7,1028,yaw,deg,-0.5,6.935,99.708
000031,1,Car,8.46,243.0,1028,yaw,deg,-0.5,7.754,100.0
000031,2,Car,13.14,136.8,517,yaw,deg,-0.5,6.749,100.0
000031,4,Car,26.41,52.3,141,yaw,deg,-0.5,6.444,95.035
000031,5,Van,51.9,28.4,32,yaw,deg,-0.5,6.343,78.125
000031,0,Car,12.2,155.7,1028,yaw,deg,0.0,0.0,100.0
000031,1,Car,8.46,243.0,1028,yaw,deg,0.0,0.0,100.0
000031,2,Car,13.14,136.8,517,yaw,deg,0.0,0.0,100.0
000031,4,Car,26.41,52.3,141,yaw,deg,0.0,0.0,100.0
000031,5,Van,51.9,28.4,32,yaw,deg,0.0,0.0,100.0
000031,0,Car,12.2,155.7,1028,yaw,deg,0.5,6.969,99.708
000031,1,Car,8.46,243.0,1028,yaw,deg,0.5,7.695,100.0
000031,2,Car,13.14,136.8,517,yaw,deg,0.5,6.724,98.259
000031,4,Car,26.41,52.3,141,yaw,deg,0.5,6.432,92.908
000031,5,Van,51.9,28.4,32,yaw,deg,0.5,6.339,87.5
000031,0,Car,12.2,155.7,1028,yaw,deg,1.0,13.974,97.276
000031,1,Car,8.46,243.0,1028,yaw,deg,1.0,15.332,98.93
000031,2,Car,13.14,136.8,517,yaw,deg,1.0,13.423,94.971
000031,4,Car,26.41,52.3,141,yaw,deg,1.0,12.854,78.014
000031,5,Van,51.9,28.4,32,yaw,deg,1.0,12.674,59.375
000031,0,Car,12.2,155.7,1028,yaw,deg,2.0,28.095,87.84
000031,1,Car,8.46,243.0,1028,yaw,deg,2.0,30.443,95.039
000031,2,Car,13.14,136.8,517,yaw,deg,2.0,26.754,83.559
000031,4,Car,26.41,52.3,141,yaw,deg,2.0,25.669,48.227
000031,5,Van,51.9,28.4,32,yaw,deg,2.0,25.341,9.375
000031,0,Car,12.2,155.7,1028,yaw,deg,3.0,42.376,77.918
000031,1,Car,8.46,243.0,1028,yaw,deg,3.0,45.347,92.704
000031,2,Car,13.14,136.8,517,yaw,deg,3.0,40.002,67.892
000031,4,Car,26.41,52.3,141,yaw,deg,3.0,38.452,20.567
000031,5,Van,51.9,28.4,32,yaw,deg,3.0,38.007,0.0
000031,0,Car,12.2,155.7,1028,tx,cm,-10.0,1.922,100.0
000031,1,Car,8.46,243.0,1028,tx,cm,-10.0,4.518,99.903
000031,2,Car,13.14,136.8,517,tx,cm,-10.0,1.378,100.0
000031,4,Car,26.41,52.3,141,tx,cm,-10.0,0.324,100.0
000031,5,Van,51.9,28.4,32,tx,cm,-10.0,0.057,100.0
000031,0,Car,12.2,155.7,1028,tx,cm,-5.0,0.956,100.0
000031,1,Car,8.46,243.0,1028,tx,cm,-5.0,2.243,100.0
000031,2,Car,13.14,136.8,517,tx,cm,-5.0,0.686,100.0
000031,4,Car,26.41,52.3,141,tx,cm,-5.0,0.162,100.0
000031,5,Van,51.9,28.4,32,tx,cm,-5.0,0.028,100.0
000031,0,Car,12.2,155.7,1028,tx,cm,-2.0,0.382,100.0
000031,1,Car,8.46,243.0,1028,tx,cm,-2.0,0.894,100.0
000031,2,Car,13.14,136.8,517,tx,cm,-2.0,0.274,100.0
000031,4,Car,26.41,52.3,141,tx,cm,-2.0,0.065,100.0
000031,5,Van,51.9,28.4,32,tx,cm,-2.0,0.011,100.0
000031,0,Car,12.2,155.7,1028,tx,cm,0.0,0.0,100.0
000031,1,Car,8.46,243.0,1028,tx,cm,0.0,0.0,100.0
000031,2,Car,13.14,136.8,517,tx,cm,0.0,0.0,100.0
000031,4,Car,26.41,52.3,141,tx,cm,0.0,0.0,100.0
000031,5,Van,51.9,28.4,32,tx,cm,0.0,0.0,100.0
000031,0,Car,12.2,155.7,1028,tx,cm,2.0,0.38,100.0
000031,1,Car,8.46,243.0,1028,tx,cm,2.0,0.889,100.0
000031,2,Car,13.14,136.8,517,tx,cm,2.0,0.273,100.0
000031,4,Car,26.41,52.3,141,tx,cm,2.0,0.064,100.0
000031,5,Van,51.9,28.4,32,tx,cm,2.0,0.011,100.0
000031,0,Car,12.2,155.7,1028,tx,cm,5.0,0.948,100.0
000031,1,Car,8.46,243.0,1028,tx,cm,5.0,2.213,100.0
000031,2,Car,13.14,136.8,517,tx,cm,5.0,0.681,100.0
000031,4,Car,26.41,52.3,141,tx,cm,5.0,0.161,100.0
000031,5,Van,51.9,28.4,32,tx,cm,5.0,0.028,100.0
000031,0,Car,12.2,155.7,1028,tx,cm,10.0,1.887,100.0
000031,1,Car,8.46,243.0,1028,tx,cm,10.0,4.395,100.0
000031,2,Car,13.14,136.8,517,tx,cm,10.0,1.355,100.0
000031,4,Car,26.41,52.3,141,tx,cm,10.0,0.321,100.0
000031,5,Van,51.9,28.4,32,tx,cm,10.0,0.057,100.0
000031,0,Car,12.2,155.7,1028,ty,cm,-10.0,6.609,99.903
000031,1,Car,8.46,243.0,1028,ty,cm,-10.0,9.826,100.0
000031,2,Car,13.14,136.8,517,ty,cm,-10.0,5.969,100.0
000031,4,Car,26.41,52.3,141,ty,cm,-10.0,2.895,99.291
000031,5,Van,51.9,28.4,32,ty,cm,-10.0,1.446,96.875
000031,0,Car,12.2,155.7,1028,ty,cm,-5.0,3.304,100.0
000031,1,Car,8.46,243.0,1028,ty,cm,-5.0,4.913,100.0
000031,2,Car,13.14,136.8,517,ty,cm,-5.0,2.985,100.0
000031,4,Car,26.41,52.3,141,ty,cm,-5.0,1.448,100.0
000031,5,Van,51.9,28.4,32,ty,cm,-5.0,0.723,100.0
000031,0,Car,12.2,155.7,1028,ty,cm,-2.0,1.322,100.0
000031,1,Car,8.46,243.0,1028,ty,cm,-2.0,1.965,100.0
000031,2,Car,13.14,136.8,517,ty,cm,-2.0,1.194,100.0
000031,4,Car,26.41,52.3,141,ty,cm,-2.0,0.579,100.0
000031,5,Van,51.9,28.4,32,ty,cm,-2.0,0.289,100.0
000031,0,Car,12.2,155.7,1028,ty,cm,0.0,0.0,100.0
000031,1,Car,8.46,243.0,1028,ty,cm,0.0,0.0,100.0
000031,2,Car,13.14,136.8,517,ty,cm,0.0,0.0,100.0
000031,4,Car,26.41,52.3,141,ty,cm,0.0,0.0,100.0
000031,5,Van,51.9,28.4,32,ty,cm,0.0,0.0,100.0
000031,0,Car,12.2,155.7,1028,ty,cm,2.0,1.322,100.0
000031,1,Car,8.46,243.0,1028,ty,cm,2.0,1.965,100.0
000031,2,Car,13.14,136.8,517,ty,cm,2.0,1.194,100.0
000031,4,Car,26.41,52.3,141,ty,cm,2.0,0.579,100.0
000031,5,Van,51.9,28.4,32,ty,cm,2.0,0.289,100.0
000031,0,Car,12.2,155.7,1028,ty,cm,5.0,3.304,100.0
000031,1,Car,8.46,243.0,1028,ty,cm,5.0,4.913,100.0
000031,2,Car,13.14,136.8,517,ty,cm,5.0,2.985,99.807
000031,4,Car,26.41,52.3,141,ty,cm,5.0,1.448,100.0
000031,5,Van,51.9,28.4,32,ty,cm,5.0,0.723,100.0
000031,0,Car,12.2,155.7,1028,ty,cm,10.0,6.609,99.708
000031,1,Car,8.46,243.0,1028,ty,cm,10.0,9.826,100.0
000031,2,Car,13.14,136.8,517,ty,cm,10.0,5.969,98.839
000031,4,Car,26.41,52.3,141,ty,cm,10.0,2.895,99.291
000031,5,Van,51.9,28.4,32,ty,cm,10.0,1.446,100.0
000031,0,Car,12.2,155.7,1028,tz,cm,-10.0,6.615,99.708
000031,1,Car,8.46,243.0,1028,tz,cm,-10.0,9.841,98.444
000031,2,Car,13.14,136.8,517,tz,cm,-10.0,5.974,98.839
000031,4,Car,26.41,52.3,141,tz,cm,-10.0,2.897,100.0
000031,5,Van,51.9,28.4,32,tz,cm,-10.0,1.447,96.875
000031,0,Car,12.2,155.7,1028,tz,cm,-5.0,3.307,100.0
000031,1,Car,8.46,243.0,1028,tz,cm,-5.0,4.92,98.735
000031,2,Car,13.14,136.8,517,tz,cm,-5.0,2.987,100.0
000031,4,Car,26.41,52.3,141,tz,cm,-5.0,1.448,100.0
000031,5,Van,51.9,28.4,32,tz,cm,-5.0,0.723,100.0
000031,0,Car,12.2,155.7,1028,tz,cm,-2.0,1.323,100.0
000031,1,Car,8.46,243.0,1028,tz,cm,-2.0,1.968,100.0
000031,2,Car,13.14,136.8,517,tz,cm,-2.0,1.195,100.0
000031,4,Car,26.41,52.3,141,tz,cm,-2.0,0.579,100.0
000031,5,Van,51.9,28.4,32,tz,cm,-2.0,0.289,100.0
000031,0,Car,12.2,155.7,1028,tz,cm,0.0,0.0,100.0
000031,1,Car,8.46,243.0,1028,tz,cm,0.0,0.0,100.0
000031,2,Car,13.14,136.8,517,tz,cm,0.0,0.0,100.0
000031,4,Car,26.41,52.3,141,tz,cm,0.0,0.0,100.0
000031,5,Van,51.9,28.4,32,tz,cm,0.0,0.0,100.0
000031,0,Car,12.2,155.7,1028,tz,cm,2.0,1.323,100.0
000031,1,Car,8.46,243.0,1028,tz,cm,2.0,1.968,100.0
000031,2,Car,13.14,136.8,517,tz,cm,2.0,1.195,100.0
000031,4,Car,26.41,52.3,141,tz,cm,2.0,0.579,100.0
000031,5,Van,51.9,28.4,32,tz,cm,2.0,0.289,100.0
000031,0,Car,12.2,155.7,1028,tz,cm,5.0,3.307,100.0
000031,1,Car,8.46,243.0,1028,tz,cm,5.0,4.919,96.206
000031,2,Car,13.14,136.8,517,tz,cm,5.0,2.987,100.0
000031,4,Car,26.41,52.3,141,tz,cm,5.0,1.448,100.0
000031,5,Van,51.9,28.4,32,tz,cm,5.0,0.723,100.0
000031,0,Car,12.2,155.7,1028,tz,cm,10.0,6.614,97.179
000031,1,Car,8.46,243.0,1028,tz,cm,10.0,9.838,91.44
000031,2,Car,13.14,136.8,517,tz,cm,10.0,5.973,100.0
000031,4,Car,26.41,52.3,141,tz,cm,10.0,2.896,100.0
000031,5,Van,51.9,28.4,32,tz,cm,10.0,1.447,100.0
000032,0,Car,9.0,257.4,1435,roll,deg,-3.0,15.861,99.512
000032,1,Car,8.6,238.2,1352,roll,deg,-3.0,15.546,92.012
000032,2,Van,14.34,148.5,803,roll,deg,-3.0,9.611,100.0
000032,3,Car,13.47,151.5,410,roll,deg,-3.0,8.493,89.268
000032,7,Van,44.71,32.1,64,roll,deg,-3.0,1.112,100.0
000032,9,Car,44.75,36.8,39,roll,deg,-3.0,5.226,66.667
000032,0,Car,9.0,257.4,1435,roll,deg,-2.0,10.574,100.0
000032,1,Car,8.6,238.2,1352,roll,deg,-2.0,10.365,95.932
000032,2,Van,14.34,148.5,803,roll,deg,-2.0,6.408,100.0
000032,3,Car,13.47,151.5,410,roll,deg,-2.0,5.662,93.171
000032,7,Van,44.71,32.1,64,roll,deg,-2.0,0.741,100.0
000032,9,Car,44.75,36.8,39,roll,deg,-2.0,3.484,82.051
000032,0,Car,9.0,257.4,1435,roll,deg,-1.0,5.287,100.0
000032,1,Car,8.6,238.2,1352,roll,deg,-1.0,5.183,100.0
000032,2,Van,14.34,148.5,803,roll,deg,-1.0,3.204,100.0
000032,3,Car,13.47,151.5,410,roll,deg,-1.0,2.831,97.561
000032,7,Van,44.71,32.1,64,roll,deg,-1.0,0.371,100.0
000032,9,Car,44.75,36.8,39,roll,deg,-1.0,1.742,100.0
000032,0,Car,9.0,257.4,1435,roll,deg,-0.5,2.643,100.0
000032,1,Car,8.6,238.2,1352,roll,deg,-0.5,2.591,100.0
000032,2,Van,14.34,148.5,803,roll,deg,-0.5,1.602,100.0
000032,3,Car,13.47,151.5,410,roll,deg,-0.5,1.416,99.756
000032,7,Van,44.71,32.1,64,roll,deg,-0.5,0.185,100.0
000032,9,Car,44.75,36.8,39,roll,deg,-0.5,0.871,100.0
000032,0,Car,9.0,257.4,1435,roll,deg,0.0,0.0,100.0
000032,1,Car,8.6,238.2,1352,roll,deg,0.0,0.0,99.852
000032,2,Van,14.34,148.5,803,roll,deg,0.0,0.0,100.0
000032,3,Car,13.47,151.5,410,roll,deg,0.0,0.0,100.0
000032,7,Van,44.71,32.1,64,roll,deg,0.0,0.0,100.0
000032,9,Car,44.75,36.8,39,roll,deg,0.0,0.0,100.0
000032,0,Car,9.0,257.4,1435,roll,deg,0.5,2.643,100.0
000032,1,Car,8.6,238.2,1352,roll,deg,0.5,2.592,99.556
000032,2,Van,14.34,148.5,803,roll,deg,0.5,1.602,100.0
000032,3,Car,13.47,151.5,410,roll,deg,0.5,1.416,100.0
000032,7,Van,44.71,32.1,64,roll,deg,0.5,0.185,100.0
000032,9,Car,44.75,36.8,39,roll,deg,0.5,0.871,100.0
000032,0,Car,9.0,257.4,1435,roll,deg,1.0,5.287,98.606
000032,1,Car,8.6,238.2,1352,roll,deg,1.0,5.183,99.186
000032,2,Van,14.34,148.5,803,roll,deg,1.0,3.204,100.0
000032,3,Car,13.47,151.5,410,roll,deg,1.0,2.831,100.0
000032,7,Van,44.71,32.1,64,roll,deg,1.0,0.371,100.0
000032,9,Car,44.75,36.8,39,roll,deg,1.0,1.742,100.0
000032,0,Car,9.0,257.4,1435,roll,deg,2.0,10.572,96.098
000032,1,Car,8.6,238.2,1352,roll,deg,2.0,10.366,96.967
000032,2,Van,14.34,148.5,803,roll,deg,2.0,6.407,97.634
000032,3,Car,13.47,151.5,410,roll,deg,2.0,5.663,100.0
000032,7,Van,44.71,32.1,64,roll,deg,2.0,0.741,100.0
000032,9,Car,44.75,36.8,39,roll,deg,2.0,3.484,100.0
000032,0,Car,9.0,257.4,1435,roll,deg,3.0,15.857,93.24
000032,1,Car,8.6,238.2,1352,roll,deg,3.0,15.549,96.006
000032,2,Van,14.34,148.5,803,roll,deg,3.0,9.61,93.773
000032,3,Car,13.47,151.5,410,roll,deg,3.0,8.494,100.0
000032,7,Van,44.71,32.1,64,roll,deg,3.0,1.112,100.0
000032,9,Car,44.75,36.8,39,roll,deg,3.0,5.226,100.0
000032,0,Car,9.0,257.4,1435,pitch,deg,-3.0,39.441,77.7
000032,1,Car,8.6,238.2,1352,pitch,deg,-3.0,39.646,81.879
000032,2,Van,14.34,148.5,803,pitch,deg,-3.0,38.615,61.27
000032,3,Car,13.47,151.5,410,pitch,deg,-3.0,38.742,50.244
000032,7,Van,44.71,32.1,64,pitch,deg,-3.0,38.037,0.0
000032,9,Car,44.75,36.8,39,pitch,deg,-3.0,38.027,0.0
000032,0,Car,9.0,257.4,1435,pitch,deg,-2.0,26.339,86.551
000032,1,Car,8.6,238.2,1352,pitch,deg,-2.0,26.48,87.13
000032,2,Van,14.34,148.5,803,pitch,deg,-2.0,25.748,75.467
000032,3,Car,13.47,151.5,410,pitch,deg,-2.0,25.847,67.561
000032,7,Van,44.71,32.1,64,pitch,deg,-2.0,25.351,32.812
000032,9,Car,44.75,36.8,39,pitch,deg,-2.0,25.35,0.0
000032,0,Car,9.0,257.4,1435,pitch,deg,-1.0,13.195,93.171
000032,1,Car,8.6,238.2,1352,pitch,deg,-1.0,13.268,94.675
000032,2,Van,14.34,148.5,803,pitch,deg,-1.0,12.879,92.279
000032,3,Car,13.47,151.5,410,pitch,deg,-1.0,12.936,81.463
000032,7,Van,44.71,32.1,64,pitch,deg,-1.0,12.675,76.562
000032,9,Car,44.75,36.8,39,pitch,deg,-1.0,12.677,97.436
000032,0,Car,9.0,257.4,1435,pitch,deg,-0.5,6.604,98.606
000032,1,Car,8.6,238.2,1352,pitch,deg,-0.5,6.641,98.595
000032,2,Van,14.34,148.5,803,pitch,deg,-0.5,6.441,97.758
000032,3,Car,13.47,151.5,410,pitch,deg,-0.5,6.472,91.22
000032,7,Van,44.71,32.1,64,pitch,deg,-0.5,6.338,82.812
000032,9,Car,44.75,36.8,39,pitch,deg,-0.5,6.339,100.0
000032,0,Car,9.0,257.4,1435,pitch,deg,0.0,0.0,100.0
000032,1,Car,8.6,238.2,1352,pitch,deg,0.0,0.0,99.852
000032,2,Van,14.34,148.5,803,pitch,deg,0.0,0.0,100.0
000032,3,Car,13.47,151.5,410,pitch,deg,0.0,0.0,100.0
000032,7,Van,44.71,32.1,64,pitch,deg,0.0,0.0,100.0
000032,9,Car,44.75,36.8,39,pitch,deg,0.0,0.0,100.0
000032,0,Car,9.0,257.4,1435,pitch,deg,0.5,6.619,100.0
000032,1,Car,8.6,238.2,1352,pitch,deg,0.5,6.658,99.112
000032,2,Van,14.34,148.5,803,pitch,deg,0.5,6.446,100.0
000032,3,Car,13.47,151.5,410,pitch,deg,0.5,6.48,100.0
000032,7,Van,44.71,32.1,64,pitch,deg,0.5,6.339,79.688
000032,9,Car,44.75,36.8,39,pitch,deg,0.5,6.342,66.667
000032,0,Car,9.0,257.4,1435,pitch,deg,1.0,13.255,100.0
000032,1,Car,8.6,238.2,1352,pitch,deg,1.0,13.333,96.967
000032,2,Van,14.34,148.5,803,pitch,deg,1.0,12.898,99.377
000032,3,Car,13.47,151.5,410,pitch,deg,1.0,12.969,98.78
000032,7,Van,44.71,32.1,64,pitch,deg,1.0,12.681,51.562
000032,9,Car,44.75,36.8,39,pitch,deg,1.0,12.688,2.564
000032,0,Car,9.0,257.4,1435,pitch,deg,2.0,26.578,96.864
000032,1,Car,8.6,238.2,1352,pitch,deg,2.0,26.74,91.716
000032,2,Van,14.34,148.5,803,pitch,deg,2.0,25.823,94.396
000032,3,Car,13.47,151.5,410,pitch,deg,2.0,25.98,84.634
000032,7,Van,44.71,32.1,64,pitch,deg,2.0,25.376,17.188
000032,9,Car,44.75,36.8,39,pitch,deg,2.0,25.395,0.0
000032,0,Car,9.0,257.4,1435,pitch,deg,3.0,39.981,89.059
000032,1,Car,8.6,238.2,1352,pitch,deg,3.0,40.231,82.47
000032,2,Van,14.34,148.5,803,pitch,deg,3.0,38.783,84.309
000032,3,Car,13.47,151.5,410,pitch,deg,3.0,39.041,67.805
000032,7,Van,44.71,32.1,64,pitch,deg,3.0,38.094,0.0
000032,9,Car,44.75,36.8,39,pitch,deg,3.0,38.129,0.0
000032,0,Car,9.0,257.4,1435,yaw,deg,-3.0,44.404,89.686
000032,1,Car,8.6,238.2,1352,yaw,deg,-3.0,46.375,83.21
000032,2,Van,14.34,148.5,803,yaw,deg,-3.0,40.429,66.002
000032,3,Car,13.47,151.5,410,yaw,deg,-3.0,40.954,98.537
000032,7,Van,44.71,32.1,64,yaw,deg,-3.0,38.141,0.0
000032,9,Car,44.75,36.8,39,yaw,deg,-3.0,38.495,0.0
000032,0,Car,9.0,257.4,1435,yaw,deg,-2.0,29.796,96.307
000032,1,Car,8.6,238.2,1352,yaw,deg,-2.0,30.677,90.459
000032,2,Van,14.34,148.5,803,yaw,deg,-2.0,27.056,81.32
000032,3,Car,13.47,151.5,410,yaw,deg,-2.0,27.184,100.0
000032,7,Van,44.71,32.1,64,yaw,deg,-2.0,25.402,9.375
000032,9,Car,44.75,36.8,39,yaw,deg,-2.0,25.711,28.205
000032,0,Car,9.0,257.4,1435,yaw,deg,-1.0,14.999,99.582
000032,1,Car,8.6,238.2,1352,yaw,deg,-1.0,15.224,97.707
000032,2,Van,14.34,148.5,803,yaw,deg,-1.0,13.582,93.026
000032,3,Car,13.47,151.5,410,yaw,deg,-1.0,13.535,100.0
000032,7,Van,44.71,32.1,64,yaw,deg,-1.0,12.691,56.25
000032,9,Car,44.75,36.8,39,yaw,deg,-1.0,12.882,74.359
000032,0,Car,9.0,257.4,1435,yaw,deg,-0.5,7.526,100.0
000032,1,Car,8.6,238.2,1352,yaw,deg,-0.5,7.584,99.556
000032,2,Van,14.34,148.5,803,yaw,deg,-0.5,6.805,98.257
000032,3,Car,13.47,151.5,410,yaw,deg,-0.5,6.754,100.0
000032,7,Van,44.71,32.1,64,yaw,deg,-0.5,6.344,76.562
000032,9,Car,44.75,36.8,39,yaw,deg,-0.5,6.448,94.872
000032,0,Car,9.0,257.4,1435,yaw,deg,0.0,0.0,100.0
000032,1,Car,8.6,238.2,1352,yaw,deg,0.0,0.0,99.852
000032,2,Van,14.34,148.5,803,yaw,deg,0.0,0.0,100.0
000032,3,Car,13.47,151.5,410,yaw,deg,0.0,0.0,100.0
000032,7,Van,44.71,32.1,64,yaw,deg,0.0,0.0,100.0
000032,9,Car,44.75,36.8,39,yaw,deg,0.0,0.0,100.0
000032,0,Car,9.0,257.4,1435,yaw,deg,0.5,7.58,100.0
000032,1,Car,8.6,238.2,1352,yaw,deg,0.5,7.531,100.0
000032,2,Van,14.34,148.5,803,yaw,deg,0.5,6.835,100.0
000032,3,Car,13.47,151.5,410,yaw,deg,0.5,6.729,100.0
000032,7,Van,44.71,32.1,64,yaw,deg,0.5,6.341,90.625
000032,9,Car,44.75,36.8,39,yaw,deg,0.5,6.464,87.179
000032,0,Car,9.0,257.4,1435,yaw,deg,1.0,15.216,100.0
000032,1,Car,8.6,238.2,1352,yaw,deg,1.0,15.009,98.669
000032,2,Van,14.34,148.5,803,yaw,deg,1.0,13.702,100.0
000032,3,Car,13.47,151.5,410,yaw,deg,1.0,13.433,96.341
000032,7,Van,44.71,32.1,64,yaw,deg,1.0,12.679,67.188
000032,9,Car,44.75,36.8,39,yaw,deg,1.0,12.944,64.103
000032,0,Car,9.0,257.4,1435,yaw,deg,2.0,30.664,98.955
000032,1,Car,8.6,238.2,1352,yaw,deg,2.0,29.819,94.231
000032,2,Van,14.34,148.5,803,yaw,deg,2.0,27.533,98.132
000032,3,Car,13.47,151.5,410,yaw,deg,2.0,26.772,85.854
000032,7,Van,44.71,32.1,64,yaw,deg,2.0,25.355,23.438
000032,9,Car,44.75,36.8,39,yaw,deg,2.0,25.959,20.513
000032,0,Car,9.0,257.4,1435,yaw,deg,3.0,46.359,94.913
000032,1,Car,8.6,238.2,1352,yaw,deg,3.0,44.441,89.793
000032,2,Van,14.34,148.5,803,yaw,deg,3.0,41.504,93.898
000032,3,Car,13.47,151.5,410,yaw,deg,3.0,40.027,72.683
000032,7,Van,44.71,32.1,64,yaw,deg,3.0,38.034,0.0
000032,9,Car,44.75,36.8,39,yaw,deg,3.0,39.052,0.0
000032,0,Car,9.0,257.4,1435,tx,cm,-10.0,3.699,100.0
000032,1,Car,8.6,238.2,1352,tx,cm,-10.0,4.096,99.556
000032,2,Van,14.34,148.5,803,tx,cm,-10.0,1.366,100.0
000032,3,Car,13.47,151.5,410,tx,cm,-10.0,1.376,100.0
000032,7,Van,44.71,32.1,64,tx,cm,-10.0,0.051,100.0
000032,9,Car,44.75,36.8,39,tx,cm,-10.0,0.232,100.0
000032,0,Car,9.0,257.4,1435,tx,cm,-5.0,1.838,100.0
000032,1,Car,8.6,238.2,1352,tx,cm,-5.0,2.034,99.556
000032,2,Van,14.34,148.5,803,tx,cm,-5.0,0.681,100.0
000032,3,Car,13.47,151.5,410,tx,cm,-5.0,0.685,100.0
000032,7,Van,44.71,32.1,64,tx,cm,-5.0,0.026,100.0
000032,9,Car,44.75,36.8,39,tx,cm,-5.0,0.116,100.0
000032,0,Car,9.0,257.4,1435,tx,cm,-2.0,0.732,100.0
000032,1,Car,8.6,238.2,1352,tx,cm,-2.0,0.81,99.704
000032,2,Van,14.34,148.5,803,tx,cm,-2.0,0.272,100.0
000032,3,Car,13.47,151.5,410,tx,cm,-2.0,0.273,100.0
000032,7,Van,44.71,32.1,64,tx,cm,-2.0,0.01,100.0
000032,9,Car,44.75,36.8,39,tx,cm,-2.0,0.046,100.0
000032,0,Car,9.0,257.4,1435,tx,cm,0.0,0.0,100.0
000032,1,Car,8.6,238.2,1352,tx,cm,0.0,0.0,99.852
000032,2,Van,14.34,148.5,803,tx,cm,0.0,0.0,100.0
000032,3,Car,13.47,151.5,410,tx,cm,0.0,0.0,100.0
000032,7,Van,44.71,32.1,64,tx,cm,0.0,0.0,100.0
000032,9,Car,44.75,36.8,39,tx,cm,0.0,0.0,100.0
000032,0,Car,9.0,257.4,1435,tx,cm,2.0,0.729,100.0
000032,1,Car,8.6,238.2,1352,tx,cm,2.0,0.806,100.0
000032,2,Van,14.34,148.5,803,tx,cm,2.0,0.271,100.0
000032,3,Car,13.47,151.5,410,tx,cm,2.0,0.273,100.0
000032,7,Van,44.71,32.1,64,tx,cm,2.0,0.01,100.0
000032,9,Car,44.75,36.8,39,tx,cm,2.0,0.046,100.0
000032,0,Car,9.0,257.4,1435,tx,cm,5.0,1.815,100.0
000032,1,Car,8.6,238.2,1352,tx,cm,5.0,2.007,100.0
000032,2,Van,14.34,148.5,803,tx,cm,5.0,0.675,100.0
000032,3,Car,13.47,151.5,410,tx,cm,5.0,0.68,100.0
000032,7,Van,44.71,32.1,64,tx,cm,5.0,0.025,100.0
000032,9,Car,44.75,36.8,39,tx,cm,5.0,0.115,100.0
000032,0,Car,9.0,257.4,1435,tx,cm,10.0,3.608,100.0
000032,1,Car,8.6,238.2,1352,tx,cm,10.0,3.987,100.0
000032,2,Van,14.34,148.5,803,tx,cm,10.0,1.346,100.0
000032,3,Car,13.47,151.5,410,tx,cm,10.0,1.354,100.0
000032,7,Van,44.71,32.1,64,tx,cm,10.0,0.051,100.0
000032,9,Car,44.75,36.8,39,tx,cm,10.0,0.231,100.0
000032,0,Car,9.0,257.4,1435,ty,cm,-10.0,8.747,100.0
000032,1,Car,8.6,238.2,1352,ty,cm,-10.0,9.605,99.63
000032,2,Van,14.34,148.5,803,ty,cm,-10.0,5.4,99.377
000032,3,Car,13.47,151.5,410,ty,cm,-10.0,5.955,100.0
000032,7,Van,44.71,32.1,64,ty,cm,-10.0,1.681,98.438
000032,9,Car,44.75,36.8,39,ty,cm,-10.0,1.688,97.436
000032,0,Car,9.0,257.4,1435,ty,cm,-5.0,4.373,100.0
000032,1,Car,8.6,238.2,1352,ty,cm,-5.0,4.803,99.926
000032,2,Van,14.34,148.5,803,ty,cm,-5.0,2.7,100.0
000032,3,Car,13.47,151.5,410,ty,cm,-5.0,2.978,100.0
000032,7,Van,44.71,32.1,64,ty,cm,-5.0,0.841,100.0
000032,9,Car,44.75,36.8,39,ty,cm,-5.0,0.844,100.0
000032,0,Car,9.0,257.4,1435,ty,cm,-2.0,1.749,100.0
000032,1,Car,8.6,238.2,1352,ty,cm,-2.0,1.921,99.926
000032,2,Van,14.34,148.5,803,ty,cm,-2.0,1.08,100.0
000032,3,Car,13.47,151.5,410,ty,cm,-2.0,1.191,100.0
000032,7,Van,44.71,32.1,64,ty,cm,-2.0,0.336,100.0
000032,9,Car,44.75,36.8,39,ty,cm,-2.0,0.338,100.0
000032,0,Car,9.0,257.4,1435,ty,cm,0.0,0.0,100.0
000032,1,Car,8.6,238.2,1352,ty,cm,0.0,0.0,99.852
000032,2,Van,14.34,148.5,803,ty,cm,0.0,0.0,100.0
000032,3,Car,13.47,151.5,410,ty,cm,0.0,0.0,100.0
000032,7,Van,44.71,32.1,64,ty,cm,0.0,0.0,100.0
000032,9,Car,44.75,36.8,39,ty,cm,0.0,0.0,100.0
000032,0,Car,9.0,257.4,1435,ty,cm,2.0,1.749,100.0
000032,1,Car,8.6,238.2,1352,ty,cm,2.0,1.921,99.852
000032,2,Van,14.34,148.5,803,ty,cm,2.0,1.08,100.0
000032,3,Car,13.47,151.5,410,ty,cm,2.0,1.191,100.0
000032,7,Van,44.71,32.1,64,ty,cm,2.0,0.336,100.0
000032,9,Car,44.75,36.8,39,ty,cm,2.0,0.338,100.0
000032,0,Car,9.0,257.4,1435,ty,cm,5.0,4.373,100.0
000032,1,Car,8.6,238.2,1352,ty,cm,5.0,4.803,99.852
000032,2,Van,14.34,148.5,803,ty,cm,5.0,2.7,100.0
000032,3,Car,13.47,151.5,410,ty,cm,5.0,2.978,100.0
000032,7,Van,44.71,32.1,64,ty,cm,5.0,0.841,100.0
000032,9,Car,44.75,36.8,39,ty,cm,5.0,0.844,100.0
000032,0,Car,9.0,257.4,1435,ty,cm,10.0,8.747,100.0
000032,1,Car,8.6,238.2,1352,ty,cm,10.0,9.605,99.852
000032,2,Van,14.34,148.5,803,ty,cm,10.0,5.4,100.0
000032,3,Car,13.47,151.5,410,ty,cm,10.0,5.955,100.0
000032,7,Van,44.71,32.1,64,ty,cm,10.0,1.681,100.0
000032,9,Car,44.75,36.8,39,ty,cm,10.0,1.688,100.0
000032,0,Car,9.0,257.4,1435,tz,cm,-10.0,8.759,100.0
000032,1,Car,8.6,238.2,1352,tz,cm,-10.0,9.618,97.411
000032,2,Van,14.34,148.5,803,tz,cm,-10.0,5.402,100.0
000032,3,Car,13.47,151.5,410,tz,cm,-10.0,5.96,100.0
000032,7,Van,44.71,32.1,64,tz,cm,-10.0,1.681,100.0
000032,9,Car,44.75,36.8,39,tz,cm,-10.0,1.689,100.0
000032,0,Car,9.0,257.4,1435,tz,cm,-5.0,4.379,100.0
000032,1,Car,8.6,238.2,1352,tz,cm,-5.0,4.809,99.556
000032,2,Van,14.34,148.5,803,tz,cm,-5.0,2.701,100.0
000032,3,Car,13.47,151.5,410,tz,cm,-5.0,2.98,100.0
000032,7,Van,44.71,32.1,64,tz,cm,-5.0,0.841,100.0
000032,9,Car,44.75,36.8,39,tz,cm,-5.0,0.844,100.0
000032,0,Car,9.0,257.4,1435,tz,cm,-2.0,1.752,100.0
000032,1,Car,8.6,238.2,1352,tz,cm,-2.0,1.923,99.556
000032,2,Van,14.34,148.5,803,tz,cm,-2.0,1.08,100.0
000032,3,Car,13.47,151.5,410,tz,cm,-2.0,1.192,100.0
000032,7,Van,44.71,32.1,64,tz,cm,-2.0,0.336,100.0
000032,9,Car,44.75,36.8,39,tz,cm,-2.0,0.338,100.0
000032,0,Car,9.0,257.4,1435,tz,cm,0.0,0.0,100.0
000032,1,Car,8.6,238.2,1352,tz,cm,0.0,0.0,99.852
000032,2,Van,14.34,148.5,803,tz,cm,0.0,0.0,100.0
000032,3,Car,13.47,151.5,410,tz,cm,0.0,0.0,100.0
000032,7,Van,44.71,32.1,64,tz,cm,0.0,0.0,100.0
000032,9,Car,44.75,36.8,39,tz,cm,0.0,0.0,100.0
000032,0,Car,9.0,257.4,1435,tz,cm,2.0,1.751,100.0
000032,1,Car,8.6,238.2,1352,tz,cm,2.0,1.923,100.0
000032,2,Van,14.34,148.5,803,tz,cm,2.0,1.08,100.0
000032,3,Car,13.47,151.5,410,tz,cm,2.0,1.192,100.0
000032,7,Van,44.71,32.1,64,tz,cm,2.0,0.336,100.0
000032,9,Car,44.75,36.8,39,tz,cm,2.0,0.338,100.0
000032,0,Car,9.0,257.4,1435,tz,cm,5.0,4.378,98.606
000032,1,Car,8.6,238.2,1352,tz,cm,5.0,4.808,100.0
000032,2,Van,14.34,148.5,803,tz,cm,5.0,2.701,100.0
000032,3,Car,13.47,151.5,410,tz,cm,5.0,2.979,99.024
000032,7,Van,44.71,32.1,64,tz,cm,5.0,0.841,100.0
000032,9,Car,44.75,36.8,39,tz,cm,5.0,0.844,100.0
000032,0,Car,9.0,257.4,1435,tz,cm,10.0,8.756,96.167
000032,1,Car,8.6,238.2,1352,tz,cm,10.0,9.615,96.228
000032,2,Van,14.34,148.5,803,tz,cm,10.0,5.402,98.63
000032,3,Car,13.47,151.5,410,tz,cm,10.0,5.959,92.683
000032,7,Van,44.71,32.1,64,tz,cm,10.0,1.681,100.0
000032,9,Car,44.75,36.8,39,tz,cm,10.0,1.689,100.0
000049,0,Car,21.55,61.8,206,roll,deg,-3.0,1.833,100.0
000049,1,Car,13.75,189.7,930,roll,deg,-3.0,11.187,94.086
000049,7,Car,9.53,259.2,571,roll,deg,-3.0,16.818,85.639
000049,8,Car,14.89,132.1,432,roll,deg,-3.0,10.49,85.185
000049,13,Car,17.23,147.9,312,roll,deg,-3.0,17.44,84.615
000049,0,Car,21.55,61.8,206,roll,deg,-2.0,1.222,100.0
000049,1,Car,13.75,189.7,930,roll,deg,-2.0,7.458,97.957
000049,7,Car,9.53,259.2,571,roll,deg,-2.0,11.213,90.193
000049,8,Car,14.89,132.1,432,roll,deg,-2.0,6.994,90.278
000049,13,Car,17.23,147.9,312,roll,deg,-2.0,11.627,93.269
000049,0,Car,21.55,61.8,206,roll,deg,-1.0,0.611,100.0
000049,1,Car,13.75,189.7,930,roll,deg,-1.0,3.729,99.14
000049,7,Car,9.53,259.2,571,roll,deg,-1.0,5.607,96.147
000049,8,Car,14.89,132.1,432,roll,deg,-1.0,3.497,95.139
000049,13,Car,17.23,147.9,312,roll,deg,-1.0,5.813,98.718
000049,0,Car,21.55,61.8,206,roll,deg,-0.5,0.306,100.0
000049,1,Car,13.75,189.7,930,roll,deg,-0.5,1.865,100.0
000049,7,Car,9.53,259.2,571,roll,deg,-0.5,2.804,100.0
000049,8,Car,14.89,132.1,432,roll,deg,-0.5,1.749,100.0
000049,13,Car,17.23,147.9,312,roll,deg,-0.5,2.907,100.0
000049,0,Car,21.55,61.8,206,roll,deg,0.0,0.0,100.0
000049,1,Car,13.75,189.7,930,roll,deg,0.0,0.0,100.0
000049,7,Car,9.53,259.2,571,roll,deg,0.0,0.0,100.0
000049,8,Car,14.89,132.1,432,roll,deg,0.0,0.0,100.0
000049,13,Car,17.23,147.9,312,roll,deg,0.0,0.0,100.0
000049,0,Car,21.55,61.8,206,roll,deg,0.5,0.306,100.0
000049,1,Car,13.75,189.7,930,roll,deg,0.5,1.864,100.0
000049,7,Car,9.53,259.2,571,roll,deg,0.5,2.804,100.0
000049,8,Car,14.89,132.1,432,roll,deg,0.5,1.749,100.0
000049,13,Car,17.23,147.9,312,roll,deg,0.5,2.907,100.0
000049,0,Car,21.55,61.8,206,roll,deg,1.0,0.611,100.0
000049,1,Car,13.75,189.7,930,roll,deg,1.0,3.729,99.462
000049,7,Car,9.53,259.2,571,roll,deg,1.0,5.607,100.0
000049,8,Car,14.89,132.1,432,roll,deg,1.0,3.497,100.0
000049,13,Car,17.23,147.9,312,roll,deg,1.0,5.813,90.385
000049,0,Car,21.55,61.8,206,roll,deg,2.0,1.222,100.0
000049,1,Car,13.75,189.7,930,roll,deg,2.0,7.457,95.806
000049,7,Car,9.53,259.2,571,roll,deg,2.0,11.215,100.0
000049,8,Car,14.89,132.1,432,roll,deg,2.0,6.995,100.0
000049,13,Car,17.23,147.9,312,roll,deg,2.0,11.625,85.256
000049,0,Car,21.55,61.8,206,roll,deg,3.0,1.833,100.0
000049,1,Car,13.75,189.7,930,roll,deg,3.0,11.185,91.828
000049,7,Car,9.53,259.2,571,roll,deg,3.0,16.822,98.424
000049,8,Car,14.89,132.1,432,roll,deg,3.0,10.492,98.38
000049,13,Car,17.23,147.9,312,roll,deg,3.0,17.435,81.09
000049,0,Car,21.55,61.8,206,pitch,deg,-3.0,38.319,24.272
000049,1,Car,13.75,189.7,930,pitch,deg,-3.0,38.667,57.204
000049,7,Car,9.53,259.2,571,pitch,deg,-3.0,39.374,70.228
000049,8,Car,14.89,132.1,432,pitch,deg,-3.0,38.622,39.583
000049,13,Car,17.23,147.9,312,pitch,deg,-3.0,38.429,31.731
000049,0,Car,21.55,61.8,206,pitch,deg,-2.0,25.554,64.078
000049,1,Car,13.75,189.7,930,pitch,deg,-2.0,25.796,75.054
000049,7,Car,9.53,259.2,571,pitch,deg,-2.0,26.293,76.708
000049,8,Car,14.89,132.1,432,pitch,deg,-2.0,25.766,60.88
000049,13,Car,17.23,147.9,312,pitch,deg,-2.0,25.627,63.462
000049,0,Car,21.55,61.8,206,pitch,deg,-1.0,12.784,86.893
000049,1,Car,13.75,189.7,930,pitch,deg,-1.0,12.91,88.172
000049,7,Car,9.53,259.2,571,pitch,deg,-1.0,13.171,89.317
000049,8,Car,14.89,132.1,432,pitch,deg,-1.0,12.895,82.176
000049,13,Car,17.23,147.9,312,pitch,deg,-1.0,12.82,85.256
000049,0,Car,21.55,61.8,206,pitch,deg,-0.5,6.394,90.777
000049,1,Car,13.75,189.7,930,pitch,deg,-0.5,6.458,95.806
000049,7,Car,9.53,259.2,571,pitch,deg,-0.5,6.592,95.447
000049,8,Car,14.89,132.1,432,pitch,deg,-0.5,6.451,93.75
000049,13,Car,17.23,147.9,312,pitch,deg,-0.5,6.412,90.385
000049,0,Car,21.55,61.8,206,pitch,deg,0.0,0.0,100.0
000049,1,Car,13.75,189.7,930,pitch,deg,0.0,0.0,100.0
000049,7,Car,9.53,259.2,571,pitch,deg,0.0,0.0,100.0
000049,8,Car,14.89,132.1,432,pitch,deg,0.0,0.0,100.0
000049,13,Car,17.23,147.9,312,pitch,deg,0.0,0.0,100.0
000049,0,Car,21.55,61.8,206,pitch,deg,0.5,6.399,90.291
000049,1,Car,13.75,189.7,930,pitch,deg,0.5,6.466,99.14
000049,7,Car,9.53,259.2,571,pitch,deg,0.5,6.607,100.0
000049,8,Car,14.89,132.1,432,pitch,deg,0.5,6.459,99.769
000049,13,Car,17.23,147.9,312,pitch,deg,0.5,6.417,98.718
000049,0,Car,21.55,61.8,206,pitch,deg,1.0,12.805,71.359
000049,1,Car,13.75,189.7,930,pitch,deg,1.0,12.941,91.613
000049,7,Car,9.53,259.2,571,pitch,deg,1.0,13.23,98.599
000049,8,Car,14.89,132.1,432,pitch,deg,1.0,12.927,96.065
000049,13,Car,17.23,147.9,312,pitch,deg,1.0,12.841,93.269
000049,0,Car,21.55,61.8,206,pitch,deg,2.0,25.639,32.039
000049,1,Car,13.75,189.7,930,pitch,deg,2.0,25.923,75.699
000049,7,Car,9.53,259.2,571,pitch,deg,2.0,26.529,92.294
000049,8,Car,14.89,132.1,432,pitch,deg,2.0,25.896,82.407
000049,13,Car,17.23,147.9,312,pitch,deg,2.0,25.713,68.269
000049,0,Car,21.55,61.8,206,pitch,deg,3.0,38.51,11.65
000049,1,Car,13.75,189.7,930,pitch,deg,3.0,38.954,53.763
000049,7,Car,9.53,259.2,571,pitch,deg,3.0,39.906,84.238
000049,8,Car,14.89,132.1,432,pitch,deg,3.0,38.913,64.815
000049,13,Car,17.23,147.9,312,pitch,deg,3.0,38.624,46.795
000049,0,Car,21.55,61.8,206,yaw,deg,-3.0,38.416,39.32
000049,1,Car,13.75,189.7,930,yaw,deg,-3.0,41.249,83.763
000049,7,Car,9.53,259.2,571,yaw,deg,-3.0,47.429,99.475
000049,8,Car,14.89,132.1,432,yaw,deg,-3.0,42.04,87.5
000049,13,Car,17.23,147.9,312,yaw,deg,-3.0,45.325,72.756
000049,0,Car,21.55,61.8,206,yaw,deg,-2.0,25.588,61.165
000049,1,Car,13.75,189.7,930,yaw,deg,-2.0,27.624,91.72
000049,7,Car,9.53,259.2,571,yaw,deg,-2.0,31.354,99.65
000049,8,Car,14.89,132.1,432,yaw,deg,-2.0,27.875,96.528
000049,13,Car,17.23,147.9,312,yaw,deg,-2.0,30.441,87.5
000049,0,Car,21.55,61.8,206,yaw,deg,-1.0,12.785,81.068
000049,1,Car,13.75,189.7,930,yaw,deg,-1.0,13.877,99.14
000049,7,Car,9.53,259.2,571,yaw,deg,-1.0,15.55,99.825
000049,8,Car,14.89,132.1,432,yaw,deg,-1.0,13.866,100.0
000049,13,Car,17.23,147.9,312,yaw,deg,-1.0,15.338,95.833
000049,0,Car,21.55,61.8,206,yaw,deg,-0.5,6.391,92.233
000049,1,Car,13.75,189.7,930,yaw,deg,-0.5,6.956,100.0
000049,7,Car,9.53,259.2,571,yaw,deg,-0.5,7.744,100.0
000049,8,Car,14.89,132.1,432,yaw,deg,-0.5,6.916,100.0
000049,13,Car,17.23,147.9,312,yaw,deg,-0.5,7.699,99.359
000049,0,Car,21.55,61.8,206,yaw,deg,0.0,0.0,100.0
000049,1,Car,13.75,189.7,930,yaw,deg,0.0,0.0,100.0
000049,7,Car,9.53,259.2,571,yaw,deg,0.0,0.0,100.0
000049,8,Car,14.89,132.1,432,yaw,deg,0.0,0.0,100.0
000049,13,Car,17.23,147.9,312,yaw,deg,0.0,0.0,100.0
000049,0,Car,21.55,61.8,206,yaw,deg,0.5,6.389,92.233
000049,1,Car,13.75,189.7,930,yaw,deg,0.5,6.991,99.462
000049,7,Car,9.53,259.2,571,yaw,deg,0.5,7.685,98.949
000049,8,Car,14.89,132.1,432,yaw,deg,0.5,6.883,98.611
000049,13,Car,17.23,147.9,312,yaw,deg,0.5,7.762,100.0
000049,0,Car,21.55,61.8,206,yaw,deg,1.0,12.776,80.097
000049,1,Car,13.75,189.7,930,yaw,deg,1.0,14.019,97.097
000049,7,Car,9.53,259.2,571,yaw,deg,1.0,15.311,95.096
000049,8,Car,14.89,132.1,432,yaw,deg,1.0,13.733,93.981
000049,13,Car,17.23,147.9,312,yaw,deg,1.0,15.588,100.0
000049,0,Car,21.55,61.8,206,yaw,deg,2.0,25.551,56.311
000049,1,Car,13.75,189.7,930,yaw,deg,2.0,28.192,91.828
000049,7,Car,9.53,259.2,571,yaw,deg,2.0,30.399,86.69
000049,8,Car,14.89,132.1,432,yaw,deg,2.0,27.345,83.102
000049,13,Car,17.23,147.9,312,yaw,deg,2.0,31.441,99.679
000049,0,Car,21.55,61.8,206,yaw,deg,3.0,38.332,35.922
000049,1,Car,13.75,189.7,930,yaw,deg,3.0,42.53,85.699
000049,7,Car,9.53,259.2,571,yaw,deg,3.0,45.278,81.261
000049,8,Car,14.89,132.1,432,yaw,deg,3.0,40.844,68.981
000049,13,Car,17.23,147.9,312,yaw,deg,3.0,47.577,93.59
000049,0,Car,21.55,61.8,206,tx,cm,-10.0,0.169,100.0
000049,1,Car,13.75,189.7,930,tx,cm,-10.0,1.625,100.0
000049,7,Car,9.53,259.2,571,tx,cm,-10.0,3.868,100.0
000049,8,Car,14.89,132.1,432,tx,cm,-10.0,1.495,100.0
000049,13,Car,17.23,147.9,312,tx,cm,-10.0,2.002,100.0
000049,0,Car,21.55,61.8,206,tx,cm,-5.0,0.084,100.0
000049,1,Car,13.75,189.7,930,tx,cm,-5.0,0.809,100.0
000049,7,Car,9.53,259.2,571,tx,cm,-5.0,1.922,100.0
000049,8,Car,14.89,132.1,432,tx,cm,-5.0,0.745,100.0
000049,13,Car,17.23,147.9,312,tx,cm,-5.0,0.998,100.0
000049,0,Car,21.55,61.8,206,tx,cm,-2.0,0.034,100.0
000049,1,Car,13.75,189.7,930,tx,cm,-2.0,0.323,100.0
000049,7,Car,9.53,259.2,571,tx,cm,-2.0,0.766,100.0
000049,8,Car,14.89,132.1,432,tx,cm,-2.0,0.297,100.0
000049,13,Car,17.23,147.9,312,tx,cm,-2.0,0.398,100.0
000049,0,Car,21.55,61.8,206,tx,cm,0.0,0.0,100.0
000049,1,Car,13.75,189.7,930,tx,cm,0.0,0.0,100.0
000049,7,Car,9.53,259.2,571,tx,cm,0.0,0.0,100.0
000049,8,Car,14.89,132.1,432,tx,cm,0.0,0.0,100.0
000049,13,Car,17.23,147.9,312,tx,cm,0.0,0.0,100.0
000049,0,Car,21.55,61.8,206,tx,cm,2.0,0.034,100.0
000049,1,Car,13.75,189.7,930,tx,cm,2.0,0.322,100.0
000049,7,Car,9.53,259.2,571,tx,cm,2.0,0.763,100.0
000049,8,Car,14.89,132.1,432,tx,cm,2.0,0.296,100.0
000049,13,Car,17.23,147.9,312,tx,cm,2.0,0.398,100.0
000049,0,Car,21.55,61.8,206,tx,cm,5.0,0.084,100.0
000049,1,Car,13.75,189.7,930,tx,cm,5.0,0.803,100.0
000049,7,Car,9.53,259.2,571,tx,cm,5.0,1.9,100.0
000049,8,Car,14.89,132.1,432,tx,cm,5.0,0.739,100.0
000049,13,Car,17.23,147.9,312,tx,cm,5.0,0.992,100.0
000049,0,Car,21.55,61.8,206,tx,cm,10.0,0.167,100.0
000049,1,Car,13.75,189.7,930,tx,cm,10.0,1.6,100.0
000049,7,Car,9.53,259.2,571,tx,cm,10.0,3.777,100.0
000049,8,Car,14.89,132.1,432,tx,cm,10.0,1.473,100.0
000049,13,Car,17.23,147.9,312,tx,cm,10.0,1.978,100.0
000049,0,Car,21.55,61.8,206,ty,cm,-10.0,3.576,96.602
000049,1,Car,13.75,189.7,930,ty,cm,-10.0,5.572,100.0
000049,7,Car,9.53,259.2,571,ty,cm,-10.0,8.383,100.0
000049,8,Car,14.89,132.1,432,ty,cm,-10.0,5.258,100.0
000049,13,Car,17.23,147.9,312,ty,cm,-10.0,4.333,100.0
000049,0,Car,21.55,61.8,206,ty,cm,-5.0,1.788,100.0
000049,1,Car,13.75,189.7,930,ty,cm,-5.0,2.786,100.0
000049,7,Car,9.53,259.2,571,ty,cm,-5.0,4.191,100.0
000049,8,Car,14.89,132.1,432,ty,cm,-5.0,2.629,100.0
000049,13,Car,17.23,147.9,312,ty,cm,-5.0,2.167,100.0
000049,0,Car,21.55,61.8,206,ty,cm,-2.0,0.715,100.0
000049,1,Car,13.75,189.7,930,ty,cm,-2.0,1.114,100.0
000049,7,Car,9.53,259.2,571,ty,cm,-2.0,1.677,100.0
000049,8,Car,14.89,132.1,432,ty,cm,-2.0,1.052,100.0
000049,13,Car,17.23,147.9,312,ty,cm,-2.0,0.867,100.0
000049,0,Car,21.55,61.8,206,ty,cm,0.0,0.0,100.0
000049,1,Car,13.75,189.7,930,ty,cm,0.0,0.0,100.0
000049,7,Car,9.53,259.2,571,ty,cm,0.0,0.0,100.0
000049,8,Car,14.89,132.1,432,ty,cm,0.0,0.0,100.0
000049,13,Car,17.23,147.9,312,ty,cm,0.0,0.0,100.0
000049,0,Car,21.55,61.8,206,ty,cm,2.0,0.715,100.0
000049,1,Car,13.75,189.7,930,ty,cm,2.0,1.114,100.0
000049,7,Car,9.53,259.2,571,ty,cm,2.0,1.677,100.0
000049,8,Car,14.89,132.1,432,ty,cm,2.0,1.052,100.0
000049,13,Car,17.23,147.9,312,ty,cm,2.0,0.867,100.0
000049,0,Car,21.55,61.8,206,ty,cm,5.0,1.788,100.0
000049,1,Car,13.75,189.7,930,ty,cm,5.0,2.786,100.0
000049,7,Car,9.53,259.2,571,ty,cm,5.0,4.191,100.0
000049,8,Car,14.89,132.1,432,ty,cm,5.0,2.629,100.0
000049,13,Car,17.23,147.9,312,ty,cm,5.0,2.167,100.0
000049,0,Car,21.55,61.8,206,ty,cm,10.0,3.576,97.087
000049,1,Car,13.75,189.7,930,ty,cm,10.0,5.572,99.677
000049,7,Car,9.53,259.2,571,ty,cm,10.0,8.383,99.475
000049,8,Car,14.89,132.1,432,ty,cm,10.0,5.258,100.0
000049,13,Car,17.23,147.9,312,ty,cm,10.0,4.333,100.0
000049,0,Car,21.55,61.8,206,tz,cm,-10.0,3.578,97.087
000049,1,Car,13.75,189.7,930,tz,cm,-10.0,5.576,99.14
000049,7,Car,9.53,259.2,571,tz,cm,-10.0,8.393,100.0
000049,8,Car,14.89,132.1,432,tz,cm,-10.0,5.262,100.0
000049,13,Car,17.23,147.9,312,tz,cm,-10.0,4.335,100.0
000049,0,Car,21.55,61.8,206,tz,cm,-5.0,1.789,100.0
000049,1,Car,13.75,189.7,930,tz,cm,-5.0,2.788,99.57
000049,7,Car,9.53,259.2,571,tz,cm,-5.0,4.196,100.0
000049,8,Car,14.89,132.1,432,tz,cm,-5.0,2.631,100.0
000049,13,Car,17.23,147.9,312,tz,cm,-5.0,2.168,100.0
000049,0,Car,21.55,61.8,206,tz,cm,-2.0,0.716,100.0
000049,1,Car,13.75,189.7,930,tz,cm,-2.0,1.115,100.0
000049,7,Car,9.53,259.2,571,tz,cm,-2.0,1.678,100.0
000049,8,Car,14.89,132.1,432,tz,cm,-2.0,1.052,100.0
000049,13,Car,17.23,147.9,312,tz,cm,-2.0,0.867,100.0
000049,0,Car,21.55,61.8,206,tz,cm,0.0,0.0,100.0
000049,1,Car,13.75,189.7,930,tz,cm,0.0,0.0,100.0
000049,7,Car,9.53,259.2,571,tz,cm,0.0,0.0,100.0
000049,8,Car,14.89,132.1,432,tz,cm,0.0,0.0,100.0
000049,13,Car,17.23,147.9,312,tz,cm,0.0,0.0,100.0
000049,0,Car,21.55,61.8,206,tz,cm,2.0,0.716,100.0
000049,1,Car,13.75,189.7,930,tz,cm,2.0,1.115,100.0
000049,7,Car,9.53,259.2,571,tz,cm,2.0,1.678,100.0
000049,8,Car,14.89,132.1,432,tz,cm,2.0,1.052,100.0
000049,13,Car,17.23,147.9,312,tz,cm,2.0,0.867,100.0
000049,0,Car,21.55,61.8,206,tz,cm,5.0,1.789,100.0
000049,1,Car,13.75,189.7,930,tz,cm,5.0,2.788,100.0
000049,7,Car,9.53,259.2,571,tz,cm,5.0,4.196,100.0
000049,8,Car,14.89,132.1,432,tz,cm,5.0,2.631,100.0
000049,13,Car,17.23,147.9,312,tz,cm,5.0,2.167,100.0
000049,0,Car,21.55,61.8,206,tz,cm,10.0,3.577,96.117
000049,1,Car,13.75,189.7,930,tz,cm,10.0,5.575,95.806
000049,7,Car,9.53,259.2,571,tz,cm,10.0,8.391,95.271
000049,8,Car,14.89,132.1,432,tz,cm,10.0,5.261,93.75
000049,13,Car,17.23,147.9,312,tz,cm,10.0,4.335,90.385
000061,3,Car,16.63,93.9,145,roll,deg,-3.0,29.304,68.276
000061,3,Car,16.63,93.9,145,roll,deg,-2.0,19.536,81.379
000061,3,Car,16.63,93.9,145,roll,deg,-1.0,9.767,97.931
000061,3,Car,16.63,93.9,145,roll,deg,-0.5,4.884,100.0
000061,3,Car,16.63,93.9,145,roll,deg,0.0,0.0,100.0
000061,3,Car,16.63,93.9,145,roll,deg,0.5,4.883,100.0
000061,3,Car,16.63,93.9,145,roll,deg,1.0,9.766,91.034
000061,3,Car,16.63,93.9,145,roll,deg,2.0,19.53,84.138
000061,3,Car,16.63,93.9,145,roll,deg,3.0,29.291,68.966
000061,3,Car,16.63,93.9,145,pitch,deg,-3.0,38.793,50.345
000061,3,Car,16.63,93.9,145,pitch,deg,-2.0,25.911,68.966
000061,3,Car,16.63,93.9,145,pitch,deg,-1.0,12.983,88.966
000061,3,Car,16.63,93.9,145,pitch,deg,-0.5,6.499,100.0
000061,3,Car,16.63,93.9,145,pitch,deg,0.0,0.0,100.0
000061,3,Car,16.63,93.9,145,pitch,deg,0.5,6.515,100.0
000061,3,Car,16.63,93.9,145,pitch,deg,1.0,13.048,90.345
000061,3,Car,16.63,93.9,145,pitch,deg,2.0,26.173,73.103
000061,3,Car,16.63,93.9,145,pitch,deg,3.0,39.383,55.172
000061,3,Car,16.63,93.9,145,yaw,deg,-3.0,58.412,6.897
000061,3,Car,16.63,93.9,145,yaw,deg,-2.0,39.434,37.931
000061,3,Car,16.63,93.9,145,yaw,deg,-1.0,19.973,80.69
000061,3,Car,16.63,93.9,145,yaw,deg,-0.5,10.053,100.0
000061,3,Car,16.63,93.9,145,yaw,deg,0.0,0.0,100.0
000061,3,Car,16.63,93.9,145,yaw,deg,0.5,10.189,100.0
000061,3,Car,16.63,93.9,145,yaw,deg,1.0,20.52,99.31
000061,3,Car,16.63,93.9,145,yaw,deg,2.0,41.622,83.448
000061,3,Car,16.63,93.9,145,yaw,deg,3.0,63.346,44.828
000061,3,Car,16.63,93.9,145,tx,cm,-10.0,3.457,100.0
000061,3,Car,16.63,93.9,145,tx,cm,-5.0,1.723,100.0
000061,3,Car,16.63,93.9,145,tx,cm,-2.0,0.688,100.0
000061,3,Car,16.63,93.9,145,tx,cm,0.0,0.0,100.0
000061,3,Car,16.63,93.9,145,tx,cm,2.0,0.686,100.0
000061,3,Car,16.63,93.9,145,tx,cm,5.0,1.712,100.0
000061,3,Car,16.63,93.9,145,tx,cm,10.0,3.414,100.0
000061,3,Car,16.63,93.9,145,ty,cm,-10.0,4.452,100.0
000061,3,Car,16.63,93.9,145,ty,cm,-5.0,2.226,100.0
000061,3,Car,16.63,93.9,145,ty,cm,-2.0,0.89,100.0
000061,3,Car,16.63,93.9,145,ty,cm,0.0,0.0,100.0
000061,3,Car,16.63,93.9,145,ty,cm,2.0,0.89,100.0
000061,3,Car,16.63,93.9,145,ty,cm,5.0,2.226,100.0
000061,3,Car,16.63,93.9,145,ty,cm,10.0,4.452,100.0
000061,3,Car,16.63,93.9,145,tz,cm,-10.0,4.458,100.0
000061,3,Car,16.63,93.9,145,tz,cm,-5.0,2.229,100.0
000061,3,Car,16.63,93.9,145,tz,cm,-2.0,0.892,100.0
000061,3,Car,16.63,93.9,145,tz,cm,0.0,0.0,100.0
000061,3,Car,16.63,93.9,145,tz,cm,2.0,0.892,100.0
000061,3,Car,16.63,93.9,145,tz,cm,5.0,2.229,100.0
000061,3,Car,16.63,93.9,145,tz,cm,10.0,4.458,100.0
